[2026-01-29T14:11:08.203Z] [INFO] [+0.0s] 🚀 Starting Solodit vulnerability extraction...

[2026-01-29T14:11:08.235Z] [INFO] [+0.0s] 
📊 Configuration:
[2026-01-29T14:11:08.237Z] [INFO] [+0.0s]    - Starting page: 1
[2026-01-29T14:11:08.238Z] [INFO] [+0.0s]    - Page size: 100
[2026-01-29T14:11:08.239Z] [INFO] [+0.0s]    - Request delay: 3500ms
[2026-01-29T14:11:08.241Z] [INFO] [+0.0s]    - Checkpoint interval: 50 pages

[2026-01-29T14:11:08.242Z] [INFO] [+0.0s] 
📄 Fetching page 1...
[2026-01-29T14:11:09.756Z] [INFO] [+1.6s] ⚡ Rate limit: 15/20 remaining
[2026-01-29T14:11:10.566Z] [INFO] [+2.4s] 📊 API reports: 50530 total findings across 506 pages
[2026-01-29T14:11:10.570Z] [✓] [+2.4s]    ✓ Fetched 100 findings
[2026-01-29T14:11:10.572Z] [INFO] [+2.4s]    📈 Total so far: 100 (0.2%)
[2026-01-29T14:11:14.083Z] [INFO] [+5.9s] 
📄 Fetching page 2/506...
[2026-01-29T14:11:15.524Z] [INFO] [+7.3s] ⚡ Rate limit: 14/20 remaining
[2026-01-29T14:11:15.977Z] [✓] [+7.8s]    ✓ Fetched 100 findings
[2026-01-29T14:11:15.979Z] [INFO] [+7.8s]    📈 Total so far: 200 (0.4%)
[2026-01-29T14:11:19.485Z] [INFO] [+11.3s] 
📄 Fetching page 3/506...
[2026-01-29T14:11:20.422Z] [INFO] [+12.2s] ⚡ Rate limit: 13/20 remaining
[2026-01-29T14:11:21.045Z] [✓] [+12.8s]    ✓ Fetched 100 findings
[2026-01-29T14:11:21.047Z] [INFO] [+12.8s]    📈 Total so far: 300 (0.6%)
[2026-01-29T14:11:24.578Z] [INFO] [+16.4s] 
📄 Fetching page 4/506...
[2026-01-29T14:11:25.714Z] [INFO] [+17.5s] ⚡ Rate limit: 19/20 remaining
[2026-01-29T14:11:26.281Z] [✓] [+18.1s]    ✓ Fetched 100 findings
[2026-01-29T14:11:26.283Z] [INFO] [+18.1s]    📈 Total so far: 400 (0.8%)
[2026-01-29T14:11:29.785Z] [INFO] [+21.6s] 
📄 Fetching page 5/506...
[2026-01-29T14:11:30.659Z] [INFO] [+22.5s] ⚡ Rate limit: 18/20 remaining
[2026-01-29T14:11:31.122Z] [✓] [+22.9s]    ✓ Fetched 100 findings
[2026-01-29T14:11:31.123Z] [INFO] [+22.9s]    📈 Total so far: 500 (1.0%)
[2026-01-29T14:11:34.633Z] [INFO] [+26.4s] 
📄 Fetching page 6/506...
[2026-01-29T14:11:35.731Z] [INFO] [+27.5s] ⚡ Rate limit: 17/20 remaining
[2026-01-29T14:11:36.359Z] [✓] [+28.2s]    ✓ Fetched 100 findings
[2026-01-29T14:11:36.360Z] [INFO] [+28.2s]    📈 Total so far: 600 (1.2%)
[2026-01-29T14:11:39.866Z] [INFO] [+31.7s] 
📄 Fetching page 7/506...
[2026-01-29T14:11:40.783Z] [INFO] [+32.6s] ⚡ Rate limit: 16/20 remaining
[2026-01-29T14:11:41.464Z] [✓] [+33.3s]    ✓ Fetched 100 findings
[2026-01-29T14:11:41.465Z] [INFO] [+33.3s]    📈 Total so far: 700 (1.4%)
[2026-01-29T14:11:44.967Z] [INFO] [+36.8s] 
📄 Fetching page 8/506...
[2026-01-29T14:11:45.663Z] [INFO] [+37.5s] ⚡ Rate limit: 15/20 remaining
[2026-01-29T14:11:46.403Z] [✓] [+38.2s]    ✓ Fetched 100 findings
[2026-01-29T14:11:46.405Z] [INFO] [+38.2s]    📈 Total so far: 800 (1.6%)
[2026-01-29T14:11:49.911Z] [INFO] [+41.7s] 
📄 Fetching page 9/506...
[2026-01-29T14:11:50.586Z] [INFO] [+42.4s] ⚡ Rate limit: 14/20 remaining
[2026-01-29T14:11:51.201Z] [✓] [+43.0s]    ✓ Fetched 100 findings
[2026-01-29T14:11:51.203Z] [INFO] [+43.0s]    📈 Total so far: 900 (1.8%)
[2026-01-29T14:11:54.720Z] [INFO] [+46.5s] 
📄 Fetching page 10/506...
[2026-01-29T14:11:55.524Z] [INFO] [+47.3s] ⚡ Rate limit: 13/20 remaining
[2026-01-29T14:11:56.109Z] [✓] [+47.9s]    ✓ Fetched 100 findings
[2026-01-29T14:11:56.110Z] [INFO] [+47.9s]    📈 Total so far: 1000 (2.0%)
[2026-01-29T14:11:59.611Z] [INFO] [+51.4s] 
📄 Fetching page 11/506...
[2026-01-29T14:12:00.671Z] [INFO] [+52.5s] ⚡ Rate limit: 12/20 remaining
[2026-01-29T14:12:01.111Z] [✓] [+52.9s]    ✓ Fetched 100 findings
[2026-01-29T14:12:01.112Z] [INFO] [+52.9s]    📈 Total so far: 1100 (2.2%)
[2026-01-29T14:12:04.623Z] [INFO] [+56.4s] 
📄 Fetching page 12/506...
[2026-01-29T14:12:05.500Z] [INFO] [+57.3s] ⚡ Rate limit: 11/20 remaining
[2026-01-29T14:12:06.390Z] [✓] [+58.2s]    ✓ Fetched 100 findings
[2026-01-29T14:12:06.391Z] [INFO] [+58.2s]    📈 Total so far: 1200 (2.4%)
[2026-01-29T14:12:09.899Z] [INFO] [+61.7s] 
📄 Fetching page 13/506...
[2026-01-29T14:12:10.683Z] [INFO] [+62.5s] ⚡ Rate limit: 10/20 remaining
[2026-01-29T14:12:11.371Z] [✓] [+63.2s]    ✓ Fetched 100 findings
[2026-01-29T14:12:11.373Z] [INFO] [+63.2s]    📈 Total so far: 1300 (2.6%)
[2026-01-29T14:12:14.884Z] [INFO] [+66.7s] 
📄 Fetching page 14/506...
[2026-01-29T14:12:15.579Z] [INFO] [+67.4s] ⚡ Rate limit: 9/20 remaining
[2026-01-29T14:12:15.824Z] [✓] [+67.6s]    ✓ Fetched 100 findings
[2026-01-29T14:12:15.826Z] [INFO] [+67.6s]    📈 Total so far: 1400 (2.8%)
[2026-01-29T14:12:19.330Z] [INFO] [+71.1s] 
📄 Fetching page 15/506...
[2026-01-29T14:12:20.022Z] [INFO] [+71.8s] ⚡ Rate limit: 8/20 remaining
[2026-01-29T14:12:20.664Z] [✓] [+72.5s]    ✓ Fetched 100 findings
[2026-01-29T14:12:20.665Z] [INFO] [+72.5s]    📈 Total so far: 1500 (3.0%)
[2026-01-29T14:12:24.181Z] [INFO] [+76.0s] 
📄 Fetching page 16/506...
[2026-01-29T14:12:24.954Z] [INFO] [+76.8s] ⚡ Rate limit: 7/20 remaining
[2026-01-29T14:12:25.849Z] [✓] [+77.6s]    ✓ Fetched 100 findings
[2026-01-29T14:12:25.850Z] [INFO] [+77.6s]    📈 Total so far: 1600 (3.2%)
[2026-01-29T14:12:29.356Z] [INFO] [+81.2s] 
📄 Fetching page 17/506...
[2026-01-29T14:12:30.321Z] [INFO] [+82.1s] ⚡ Rate limit: 19/20 remaining
[2026-01-29T14:12:30.924Z] [✓] [+82.7s]    ✓ Fetched 100 findings
[2026-01-29T14:12:30.926Z] [INFO] [+82.7s]    📈 Total so far: 1700 (3.4%)
[2026-01-29T14:12:34.439Z] [INFO] [+86.2s] 
📄 Fetching page 18/506...
[2026-01-29T14:12:35.641Z] [INFO] [+87.4s] ⚡ Rate limit: 18/20 remaining
[2026-01-29T14:12:36.054Z] [✓] [+87.9s]    ✓ Fetched 100 findings
[2026-01-29T14:12:36.057Z] [INFO] [+87.9s]    📈 Total so far: 1800 (3.6%)
[2026-01-29T14:12:39.572Z] [INFO] [+91.4s] 
📄 Fetching page 19/506...
[2026-01-29T14:12:40.291Z] [INFO] [+92.1s] ⚡ Rate limit: 17/20 remaining
[2026-01-29T14:12:40.703Z] [✓] [+92.5s]    ✓ Fetched 100 findings
[2026-01-29T14:12:40.705Z] [INFO] [+92.5s]    📈 Total so far: 1900 (3.8%)
[2026-01-29T14:12:44.206Z] [INFO] [+96.0s] 
📄 Fetching page 20/506...
[2026-01-29T14:12:45.243Z] [INFO] [+97.0s] ⚡ Rate limit: 16/20 remaining
[2026-01-29T14:12:45.664Z] [✓] [+97.5s]    ✓ Fetched 100 findings
[2026-01-29T14:12:45.666Z] [INFO] [+97.5s]    📈 Total so far: 2000 (4.0%)
[2026-01-29T14:12:49.174Z] [INFO] [+101.0s] 
📄 Fetching page 21/506...
[2026-01-29T14:12:49.910Z] [INFO] [+101.7s] ⚡ Rate limit: 15/20 remaining
[2026-01-29T14:12:50.532Z] [✓] [+102.3s]    ✓ Fetched 100 findings
[2026-01-29T14:12:50.534Z] [INFO] [+102.3s]    📈 Total so far: 2100 (4.2%)
[2026-01-29T14:12:54.046Z] [INFO] [+105.8s] 
📄 Fetching page 22/506...
[2026-01-29T14:12:54.745Z] [INFO] [+106.5s] ⚡ Rate limit: 14/20 remaining
[2026-01-29T14:12:55.014Z] [✓] [+106.8s]    ✓ Fetched 100 findings
[2026-01-29T14:12:55.016Z] [INFO] [+106.8s]    📈 Total so far: 2200 (4.4%)
[2026-01-29T14:12:58.525Z] [INFO] [+110.3s] 
📄 Fetching page 23/506...
[2026-01-29T14:12:59.335Z] [INFO] [+111.1s] ⚡ Rate limit: 13/20 remaining
[2026-01-29T14:12:59.950Z] [✓] [+111.7s]    ✓ Fetched 100 findings
[2026-01-29T14:12:59.952Z] [INFO] [+111.7s]    📈 Total so far: 2300 (4.6%)
[2026-01-29T14:13:03.459Z] [INFO] [+115.3s] 
📄 Fetching page 24/506...
[2026-01-29T14:13:04.176Z] [INFO] [+116.0s] ⚡ Rate limit: 12/20 remaining
[2026-01-29T14:13:04.783Z] [✓] [+116.6s]    ✓ Fetched 100 findings
[2026-01-29T14:13:04.785Z] [INFO] [+116.6s]    📈 Total so far: 2400 (4.7%)
[2026-01-29T14:13:08.292Z] [INFO] [+120.1s] 
📄 Fetching page 25/506...
[2026-01-29T14:13:08.967Z] [INFO] [+120.8s] ⚡ Rate limit: 11/20 remaining
[2026-01-29T14:13:09.244Z] [✓] [+121.0s]    ✓ Fetched 100 findings
[2026-01-29T14:13:09.249Z] [INFO] [+121.0s]    📈 Total so far: 2500 (4.9%)
[2026-01-29T14:13:12.758Z] [INFO] [+124.6s] 
📄 Fetching page 26/506...
[2026-01-29T14:13:13.820Z] [INFO] [+125.6s] ⚡ Rate limit: 10/20 remaining
[2026-01-29T14:13:14.456Z] [✓] [+126.3s]    ✓ Fetched 100 findings
[2026-01-29T14:13:14.457Z] [INFO] [+126.3s]    📈 Total so far: 2600 (5.1%)
[2026-01-29T14:13:17.960Z] [INFO] [+129.8s] 
📄 Fetching page 27/506...
[2026-01-29T14:13:18.739Z] [INFO] [+130.5s] ⚡ Rate limit: 9/20 remaining
[2026-01-29T14:13:19.299Z] [✓] [+131.1s]    ✓ Fetched 100 findings
[2026-01-29T14:13:19.300Z] [INFO] [+131.1s]    📈 Total so far: 2700 (5.3%)
[2026-01-29T14:13:22.806Z] [INFO] [+134.6s] 
📄 Fetching page 28/506...
[2026-01-29T14:13:23.509Z] [INFO] [+135.3s] ⚡ Rate limit: 8/20 remaining
[2026-01-29T14:13:24.132Z] [✓] [+135.9s]    ✓ Fetched 100 findings
[2026-01-29T14:13:24.134Z] [INFO] [+135.9s]    📈 Total so far: 2800 (5.5%)
[2026-01-29T14:13:27.636Z] [INFO] [+139.4s] 
📄 Fetching page 29/506...
[2026-01-29T14:13:28.321Z] [INFO] [+140.1s] ⚡ Rate limit: 7/20 remaining
[2026-01-29T14:13:28.986Z] [✓] [+140.8s]    ✓ Fetched 100 findings
[2026-01-29T14:13:28.988Z] [INFO] [+140.8s]    📈 Total so far: 2900 (5.7%)
[2026-01-29T14:13:32.496Z] [INFO] [+144.3s] 
📄 Fetching page 30/506...
[2026-01-29T14:13:33.198Z] [INFO] [+145.0s] ⚡ Rate limit: 19/20 remaining
[2026-01-29T14:13:33.796Z] [✓] [+145.6s]    ✓ Fetched 100 findings
[2026-01-29T14:13:33.797Z] [INFO] [+145.6s]    📈 Total so far: 3000 (5.9%)
[2026-01-29T14:13:37.301Z] [INFO] [+149.1s] 
📄 Fetching page 31/506...
[2026-01-29T14:13:38.046Z] [INFO] [+149.8s] ⚡ Rate limit: 18/20 remaining
[2026-01-29T14:13:38.730Z] [✓] [+150.5s]    ✓ Fetched 100 findings
[2026-01-29T14:13:38.731Z] [INFO] [+150.5s]    📈 Total so far: 3100 (6.1%)
[2026-01-29T14:13:42.238Z] [INFO] [+154.0s] 
📄 Fetching page 32/506...
[2026-01-29T14:13:43.181Z] [INFO] [+155.0s] ⚡ Rate limit: 17/20 remaining
[2026-01-29T14:13:43.575Z] [✓] [+155.4s]    ✓ Fetched 100 findings
[2026-01-29T14:13:43.577Z] [INFO] [+155.4s]    📈 Total so far: 3200 (6.3%)
[2026-01-29T14:13:47.084Z] [INFO] [+158.9s] 
📄 Fetching page 33/506...
[2026-01-29T14:13:47.885Z] [INFO] [+159.7s] ⚡ Rate limit: 16/20 remaining
[2026-01-29T14:13:48.512Z] [✓] [+160.3s]    ✓ Fetched 100 findings
[2026-01-29T14:13:48.513Z] [INFO] [+160.3s]    📈 Total so far: 3300 (6.5%)
[2026-01-29T14:13:52.020Z] [INFO] [+163.8s] 
📄 Fetching page 34/506...
[2026-01-29T14:13:52.778Z] [INFO] [+164.6s] ⚡ Rate limit: 15/20 remaining
[2026-01-29T14:13:53.081Z] [✓] [+164.9s]    ✓ Fetched 100 findings
[2026-01-29T14:13:53.083Z] [INFO] [+164.9s]    📈 Total so far: 3400 (6.7%)
[2026-01-29T14:13:56.588Z] [INFO] [+168.4s] 
📄 Fetching page 35/506...
[2026-01-29T14:13:57.794Z] [INFO] [+169.6s] ⚡ Rate limit: 14/20 remaining
[2026-01-29T14:13:58.356Z] [✓] [+170.2s]    ✓ Fetched 100 findings
[2026-01-29T14:13:58.358Z] [INFO] [+170.2s]    📈 Total so far: 3500 (6.9%)
[2026-01-29T14:14:01.867Z] [INFO] [+173.7s] 
📄 Fetching page 36/506...
[2026-01-29T14:14:02.698Z] [INFO] [+174.5s] ⚡ Rate limit: 13/20 remaining
[2026-01-29T14:14:03.103Z] [✓] [+174.9s]    ✓ Fetched 100 findings
[2026-01-29T14:14:03.107Z] [INFO] [+174.9s]    📈 Total so far: 3600 (7.1%)
[2026-01-29T14:14:06.616Z] [INFO] [+178.4s] 
📄 Fetching page 37/506...
[2026-01-29T14:14:07.464Z] [INFO] [+179.3s] ⚡ Rate limit: 12/20 remaining
[2026-01-29T14:14:07.879Z] [✓] [+179.7s]    ✓ Fetched 100 findings
[2026-01-29T14:14:07.880Z] [INFO] [+179.7s]    📈 Total so far: 3700 (7.3%)
[2026-01-29T14:14:11.385Z] [INFO] [+183.2s] 
📄 Fetching page 38/506...
[2026-01-29T14:14:12.142Z] [INFO] [+183.9s] ⚡ Rate limit: 11/20 remaining
[2026-01-29T14:14:12.756Z] [✓] [+184.6s]    ✓ Fetched 100 findings
[2026-01-29T14:14:12.758Z] [INFO] [+184.6s]    📈 Total so far: 3800 (7.5%)
[2026-01-29T14:14:16.260Z] [INFO] [+188.1s] 
📄 Fetching page 39/506...
[2026-01-29T14:14:17.008Z] [INFO] [+188.8s] ⚡ Rate limit: 10/20 remaining
[2026-01-29T14:14:17.907Z] [✓] [+189.7s]    ✓ Fetched 100 findings
[2026-01-29T14:14:17.910Z] [INFO] [+189.7s]    📈 Total so far: 3900 (7.7%)
[2026-01-29T14:14:21.423Z] [INFO] [+193.2s] 
📄 Fetching page 40/506...
[2026-01-29T14:14:22.392Z] [INFO] [+194.2s] ⚡ Rate limit: 9/20 remaining
[2026-01-29T14:14:23.298Z] [✓] [+195.1s]    ✓ Fetched 100 findings
[2026-01-29T14:14:23.300Z] [INFO] [+195.1s]    📈 Total so far: 4000 (7.9%)
[2026-01-29T14:14:26.803Z] [INFO] [+198.6s] 
📄 Fetching page 41/506...
[2026-01-29T14:14:27.732Z] [INFO] [+199.5s] ⚡ Rate limit: 8/20 remaining
[2026-01-29T14:14:28.386Z] [✓] [+200.2s]    ✓ Fetched 100 findings
[2026-01-29T14:14:28.388Z] [INFO] [+200.2s]    📈 Total so far: 4100 (8.1%)
[2026-01-29T14:14:31.898Z] [INFO] [+203.7s] 
📄 Fetching page 42/506...
[2026-01-29T14:14:32.794Z] [INFO] [+204.6s] ⚡ Rate limit: 7/20 remaining
[2026-01-29T14:14:33.392Z] [✓] [+205.2s]    ✓ Fetched 100 findings
[2026-01-29T14:14:33.394Z] [INFO] [+205.2s]    📈 Total so far: 4200 (8.3%)
[2026-01-29T14:14:36.899Z] [INFO] [+208.7s] 
📄 Fetching page 43/506...
[2026-01-29T14:14:37.605Z] [INFO] [+209.4s] ⚡ Rate limit: 19/20 remaining
[2026-01-29T14:14:38.231Z] [✓] [+210.0s]    ✓ Fetched 100 findings
[2026-01-29T14:14:38.232Z] [INFO] [+210.0s]    📈 Total so far: 4300 (8.5%)
[2026-01-29T14:14:41.743Z] [INFO] [+213.5s] 
📄 Fetching page 44/506...
[2026-01-29T14:14:42.655Z] [INFO] [+214.5s] ⚡ Rate limit: 18/20 remaining
[2026-01-29T14:14:43.167Z] [✓] [+215.0s]    ✓ Fetched 100 findings
[2026-01-29T14:14:43.168Z] [INFO] [+215.0s]    📈 Total so far: 4400 (8.7%)
[2026-01-29T14:14:46.676Z] [INFO] [+218.5s] 
📄 Fetching page 45/506...
[2026-01-29T14:14:47.606Z] [INFO] [+219.4s] ⚡ Rate limit: 17/20 remaining
[2026-01-29T14:14:48.453Z] [✓] [+220.3s]    ✓ Fetched 100 findings
[2026-01-29T14:14:48.454Z] [INFO] [+220.3s]    📈 Total so far: 4500 (8.9%)
[2026-01-29T14:14:51.957Z] [INFO] [+223.8s] 
📄 Fetching page 46/506...
[2026-01-29T14:14:53.140Z] [INFO] [+224.9s] ⚡ Rate limit: 16/20 remaining
[2026-01-29T14:14:53.612Z] [✓] [+225.4s]    ✓ Fetched 100 findings
[2026-01-29T14:14:53.614Z] [INFO] [+225.4s]    📈 Total so far: 4600 (9.1%)
[2026-01-29T14:14:57.124Z] [INFO] [+228.9s] 
📄 Fetching page 47/506...
[2026-01-29T14:14:58.035Z] [INFO] [+229.8s] ⚡ Rate limit: 15/20 remaining
[2026-01-29T14:14:58.670Z] [✓] [+230.5s]    ✓ Fetched 100 findings
[2026-01-29T14:14:58.671Z] [INFO] [+230.5s]    📈 Total so far: 4700 (9.3%)
[2026-01-29T14:15:02.176Z] [INFO] [+234.0s] 
📄 Fetching page 48/506...
[2026-01-29T14:15:03.205Z] [INFO] [+235.0s] ⚡ Rate limit: 14/20 remaining
[2026-01-29T14:15:03.636Z] [✓] [+235.4s]    ✓ Fetched 100 findings
[2026-01-29T14:15:03.637Z] [INFO] [+235.4s]    📈 Total so far: 4800 (9.5%)
[2026-01-29T14:15:07.145Z] [INFO] [+238.9s] 
📄 Fetching page 49/506...
[2026-01-29T14:15:08.075Z] [INFO] [+239.9s] ⚡ Rate limit: 13/20 remaining
[2026-01-29T14:15:09.080Z] [✓] [+240.9s]    ✓ Fetched 100 findings
[2026-01-29T14:15:09.082Z] [INFO] [+240.9s]    📈 Total so far: 4900 (9.7%)
[2026-01-29T14:15:12.589Z] [INFO] [+244.4s] 
📄 Fetching page 50/506...
[2026-01-29T14:15:13.297Z] [INFO] [+245.1s] ⚡ Rate limit: 12/20 remaining
[2026-01-29T14:15:13.909Z] [✓] [+245.7s]    ✓ Fetched 100 findings
[2026-01-29T14:15:13.911Z] [INFO] [+245.7s]    📈 Total so far: 5000 (9.9%)
[2026-01-29T14:15:14.335Z] [INFO] [+246.1s] 💾 Checkpoint saved: Page 50, Total findings: 5000
[2026-01-29T14:15:17.838Z] [INFO] [+249.6s] 
📄 Fetching page 51/506...
[2026-01-29T14:15:18.777Z] [INFO] [+250.6s] ⚡ Rate limit: 11/20 remaining
[2026-01-29T14:15:19.194Z] [✓] [+251.0s]    ✓ Fetched 100 findings
[2026-01-29T14:15:19.196Z] [INFO] [+251.0s]    📈 Total so far: 5100 (10.1%)
[2026-01-29T14:15:22.703Z] [INFO] [+254.5s] 
📄 Fetching page 52/506...
[2026-01-29T14:15:23.400Z] [INFO] [+255.2s] ⚡ Rate limit: 10/20 remaining
[2026-01-29T14:15:23.808Z] [✓] [+255.6s]    ✓ Fetched 100 findings
[2026-01-29T14:15:23.809Z] [INFO] [+255.6s]    📈 Total so far: 5200 (10.3%)
[2026-01-29T14:15:27.312Z] [INFO] [+259.1s] 
📄 Fetching page 53/506...
[2026-01-29T14:15:28.173Z] [INFO] [+260.0s] ⚡ Rate limit: 9/20 remaining
[2026-01-29T14:15:28.472Z] [✓] [+260.3s]    ✓ Fetched 100 findings
[2026-01-29T14:15:28.474Z] [INFO] [+260.3s]    📈 Total so far: 5300 (10.5%)
[2026-01-29T14:15:31.990Z] [INFO] [+263.8s] 
📄 Fetching page 54/506...
[2026-01-29T14:15:36.596Z] [INFO] [+268.4s] ⚡ Rate limit: 8/20 remaining
[2026-01-29T14:15:37.051Z] [✓] [+268.8s]    ✓ Fetched 100 findings
[2026-01-29T14:15:37.053Z] [INFO] [+268.9s]    📈 Total so far: 5400 (10.7%)
[2026-01-29T14:15:40.566Z] [INFO] [+272.4s] 
📄 Fetching page 55/506...
[2026-01-29T14:15:41.393Z] [INFO] [+273.2s] ⚡ Rate limit: 19/20 remaining
[2026-01-29T14:15:41.613Z] [✓] [+273.4s]    ✓ Fetched 100 findings
[2026-01-29T14:15:41.615Z] [INFO] [+273.4s]    📈 Total so far: 5500 (10.9%)
[2026-01-29T14:15:45.119Z] [INFO] [+276.9s] 
📄 Fetching page 56/506...
[2026-01-29T14:15:46.060Z] [INFO] [+277.9s] ⚡ Rate limit: 18/20 remaining
[2026-01-29T14:15:46.624Z] [✓] [+278.4s]    ✓ Fetched 100 findings
[2026-01-29T14:15:46.625Z] [INFO] [+278.4s]    📈 Total so far: 5600 (11.1%)
[2026-01-29T14:15:50.129Z] [INFO] [+281.9s] 
📄 Fetching page 57/506...
[2026-01-29T14:15:50.891Z] [INFO] [+282.7s] ⚡ Rate limit: 17/20 remaining
[2026-01-29T14:15:51.485Z] [✓] [+283.3s]    ✓ Fetched 100 findings
[2026-01-29T14:15:51.487Z] [INFO] [+283.3s]    📈 Total so far: 5700 (11.3%)
[2026-01-29T14:15:54.997Z] [INFO] [+286.8s] 
📄 Fetching page 58/506...
[2026-01-29T14:15:55.812Z] [INFO] [+287.6s] ⚡ Rate limit: 16/20 remaining
[2026-01-29T14:15:56.471Z] [✓] [+288.3s]    ✓ Fetched 100 findings
[2026-01-29T14:15:56.472Z] [INFO] [+288.3s]    📈 Total so far: 5800 (11.5%)
[2026-01-29T14:15:59.985Z] [INFO] [+291.8s] 
📄 Fetching page 59/506...
[2026-01-29T14:16:00.743Z] [INFO] [+292.5s] ⚡ Rate limit: 15/20 remaining
[2026-01-29T14:16:01.335Z] [✓] [+293.1s]    ✓ Fetched 100 findings
[2026-01-29T14:16:01.337Z] [INFO] [+293.1s]    📈 Total so far: 5900 (11.7%)
[2026-01-29T14:16:04.848Z] [INFO] [+296.6s] 
📄 Fetching page 60/506...
[2026-01-29T14:16:05.694Z] [INFO] [+297.5s] ⚡ Rate limit: 14/20 remaining
[2026-01-29T14:16:05.821Z] [✓] [+297.6s]    ✓ Fetched 100 findings
[2026-01-29T14:16:05.823Z] [INFO] [+297.6s]    📈 Total so far: 6000 (11.9%)
[2026-01-29T14:16:09.328Z] [INFO] [+301.1s] 
📄 Fetching page 61/506...
[2026-01-29T14:16:10.101Z] [INFO] [+301.9s] ⚡ Rate limit: 13/20 remaining
[2026-01-29T14:16:10.587Z] [✓] [+302.4s]    ✓ Fetched 100 findings
[2026-01-29T14:16:10.589Z] [INFO] [+302.4s]    📈 Total so far: 6100 (12.1%)
[2026-01-29T14:16:14.102Z] [INFO] [+305.9s] 
📄 Fetching page 62/506...
[2026-01-29T14:16:15.028Z] [INFO] [+306.8s] ⚡ Rate limit: 12/20 remaining
[2026-01-29T14:16:15.444Z] [✓] [+307.2s]    ✓ Fetched 100 findings
[2026-01-29T14:16:15.445Z] [INFO] [+307.2s]    📈 Total so far: 6200 (12.3%)
[2026-01-29T14:16:18.950Z] [INFO] [+310.7s] 
📄 Fetching page 63/506...
[2026-01-29T14:16:19.909Z] [INFO] [+311.7s] ⚡ Rate limit: 11/20 remaining
[2026-01-29T14:16:20.509Z] [✓] [+312.3s]    ✓ Fetched 100 findings
[2026-01-29T14:16:20.510Z] [INFO] [+312.3s]    📈 Total so far: 6300 (12.5%)
[2026-01-29T14:16:24.016Z] [INFO] [+315.8s] 
📄 Fetching page 64/506...
[2026-01-29T14:16:25.026Z] [INFO] [+316.8s] ⚡ Rate limit: 10/20 remaining
[2026-01-29T14:16:25.844Z] [✓] [+317.6s]    ✓ Fetched 100 findings
[2026-01-29T14:16:25.846Z] [INFO] [+317.6s]    📈 Total so far: 6400 (12.7%)
[2026-01-29T14:16:29.351Z] [INFO] [+321.1s] 
📄 Fetching page 65/506...
[2026-01-29T14:16:30.138Z] [INFO] [+321.9s] ⚡ Rate limit: 9/20 remaining
[2026-01-29T14:16:30.672Z] [✓] [+322.5s]    ✓ Fetched 100 findings
[2026-01-29T14:16:30.674Z] [INFO] [+322.5s]    📈 Total so far: 6500 (12.9%)
[2026-01-29T14:16:34.182Z] [INFO] [+326.0s] 
📄 Fetching page 66/506...
[2026-01-29T14:16:35.216Z] [INFO] [+327.0s] ⚡ Rate limit: 8/20 remaining
[2026-01-29T14:16:36.000Z] [✓] [+327.8s]    ✓ Fetched 100 findings
[2026-01-29T14:16:36.002Z] [INFO] [+327.8s]    📈 Total so far: 6600 (13.1%)
[2026-01-29T14:16:39.511Z] [INFO] [+331.3s] 
📄 Fetching page 67/506...
[2026-01-29T14:16:40.271Z] [INFO] [+332.1s] ⚡ Rate limit: 7/20 remaining
[2026-01-29T14:16:40.713Z] [✓] [+332.5s]    ✓ Fetched 100 findings
[2026-01-29T14:16:40.714Z] [INFO] [+332.5s]    📈 Total so far: 6700 (13.3%)
[2026-01-29T14:16:44.218Z] [INFO] [+336.0s] 
📄 Fetching page 68/506...
[2026-01-29T14:16:44.938Z] [INFO] [+336.7s] ⚡ Rate limit: 19/20 remaining
[2026-01-29T14:16:45.386Z] [✓] [+337.2s]    ✓ Fetched 100 findings
[2026-01-29T14:16:45.387Z] [INFO] [+337.2s]    📈 Total so far: 6800 (13.5%)
[2026-01-29T14:16:48.895Z] [INFO] [+340.7s] 
📄 Fetching page 69/506...
[2026-01-29T14:16:49.849Z] [INFO] [+341.6s] ⚡ Rate limit: 18/20 remaining
[2026-01-29T14:16:50.460Z] [✓] [+342.3s]    ✓ Fetched 100 findings
[2026-01-29T14:16:50.462Z] [INFO] [+342.3s]    📈 Total so far: 6900 (13.7%)
[2026-01-29T14:16:53.965Z] [INFO] [+345.8s] 
📄 Fetching page 70/506...
[2026-01-29T14:16:54.687Z] [INFO] [+346.5s] ⚡ Rate limit: 17/20 remaining
[2026-01-29T14:16:54.932Z] [✓] [+346.7s]    ✓ Fetched 100 findings
[2026-01-29T14:16:54.934Z] [INFO] [+346.7s]    📈 Total so far: 7000 (13.9%)
[2026-01-29T14:16:58.446Z] [INFO] [+350.2s] 
📄 Fetching page 71/506...
[2026-01-29T14:17:00.019Z] [INFO] [+351.8s] ⚡ Rate limit: 16/20 remaining
[2026-01-29T14:17:00.481Z] [✓] [+352.3s]    ✓ Fetched 100 findings
[2026-01-29T14:17:00.482Z] [INFO] [+352.3s]    📈 Total so far: 7100 (14.1%)
[2026-01-29T14:17:03.989Z] [INFO] [+355.8s] 
📄 Fetching page 72/506...
[2026-01-29T14:17:04.772Z] [INFO] [+356.6s] ⚡ Rate limit: 15/20 remaining
[2026-01-29T14:17:05.363Z] [✓] [+357.2s]    ✓ Fetched 100 findings
[2026-01-29T14:17:05.364Z] [INFO] [+357.2s]    📈 Total so far: 7200 (14.2%)
[2026-01-29T14:17:08.868Z] [INFO] [+360.7s] 
📄 Fetching page 73/506...
[2026-01-29T14:17:09.827Z] [INFO] [+361.6s] ⚡ Rate limit: 14/20 remaining
[2026-01-29T14:17:10.532Z] [✓] [+362.3s]    ✓ Fetched 100 findings
[2026-01-29T14:17:10.534Z] [INFO] [+362.3s]    📈 Total so far: 7300 (14.4%)
[2026-01-29T14:17:14.043Z] [INFO] [+365.8s] 
📄 Fetching page 74/506...
[2026-01-29T14:17:14.995Z] [INFO] [+366.8s] ⚡ Rate limit: 13/20 remaining
[2026-01-29T14:17:15.410Z] [✓] [+367.2s]    ✓ Fetched 100 findings
[2026-01-29T14:17:15.412Z] [INFO] [+367.2s]    📈 Total so far: 7400 (14.6%)
[2026-01-29T14:17:18.923Z] [INFO] [+370.7s] 
📄 Fetching page 75/506...
[2026-01-29T14:17:19.851Z] [INFO] [+371.6s] ⚡ Rate limit: 12/20 remaining
[2026-01-29T14:17:20.434Z] [✓] [+372.2s]    ✓ Fetched 100 findings
[2026-01-29T14:17:20.435Z] [INFO] [+372.2s]    📈 Total so far: 7500 (14.8%)
[2026-01-29T14:17:23.939Z] [INFO] [+375.7s] 
📄 Fetching page 76/506...
[2026-01-29T14:17:24.664Z] [INFO] [+376.5s] ⚡ Rate limit: 11/20 remaining
[2026-01-29T14:17:25.285Z] [✓] [+377.1s]    ✓ Fetched 100 findings
[2026-01-29T14:17:25.286Z] [INFO] [+377.1s]    📈 Total so far: 7600 (15.0%)
[2026-01-29T14:17:28.794Z] [INFO] [+380.6s] 
📄 Fetching page 77/506...
[2026-01-29T14:17:29.678Z] [INFO] [+381.5s] ⚡ Rate limit: 10/20 remaining
[2026-01-29T14:17:30.293Z] [✓] [+382.1s]    ✓ Fetched 100 findings
[2026-01-29T14:17:30.294Z] [INFO] [+382.1s]    📈 Total so far: 7700 (15.2%)
[2026-01-29T14:17:33.803Z] [INFO] [+385.6s] 
📄 Fetching page 78/506...
[2026-01-29T14:17:34.664Z] [INFO] [+386.5s] ⚡ Rate limit: 9/20 remaining
[2026-01-29T14:17:35.258Z] [✓] [+387.1s]    ✓ Fetched 100 findings
[2026-01-29T14:17:35.260Z] [INFO] [+387.1s]    📈 Total so far: 7800 (15.4%)
[2026-01-29T14:17:38.770Z] [INFO] [+390.6s] 
📄 Fetching page 79/506...
[2026-01-29T14:17:39.472Z] [INFO] [+391.3s] ⚡ Rate limit: 8/20 remaining
[2026-01-29T14:17:39.908Z] [✓] [+391.7s]    ✓ Fetched 100 findings
[2026-01-29T14:17:39.909Z] [INFO] [+391.7s]    📈 Total so far: 7900 (15.6%)
[2026-01-29T14:17:43.417Z] [INFO] [+395.2s] 
📄 Fetching page 80/506...
[2026-01-29T14:17:44.360Z] [INFO] [+396.2s] ⚡ Rate limit: 7/20 remaining
[2026-01-29T14:17:44.991Z] [✓] [+396.8s]    ✓ Fetched 100 findings
[2026-01-29T14:17:44.993Z] [INFO] [+396.8s]    📈 Total so far: 8000 (15.8%)
[2026-01-29T14:17:48.501Z] [INFO] [+400.3s] 
📄 Fetching page 81/506...
[2026-01-29T14:17:49.419Z] [INFO] [+401.2s] ⚡ Rate limit: 19/20 remaining
[2026-01-29T14:17:50.094Z] [✓] [+401.9s]    ✓ Fetched 100 findings
[2026-01-29T14:17:50.095Z] [INFO] [+401.9s]    📈 Total so far: 8100 (16.0%)
[2026-01-29T14:17:53.600Z] [INFO] [+405.4s] 
📄 Fetching page 82/506...
[2026-01-29T14:17:54.550Z] [INFO] [+406.3s] ⚡ Rate limit: 18/20 remaining
[2026-01-29T14:17:54.984Z] [✓] [+406.8s]    ✓ Fetched 100 findings
[2026-01-29T14:17:54.986Z] [INFO] [+406.8s]    📈 Total so far: 8200 (16.2%)
[2026-01-29T14:17:58.488Z] [INFO] [+410.3s] 
📄 Fetching page 83/506...
[2026-01-29T14:17:59.232Z] [INFO] [+411.0s] ⚡ Rate limit: 17/20 remaining
[2026-01-29T14:17:59.842Z] [✓] [+411.6s]    ✓ Fetched 100 findings
[2026-01-29T14:17:59.843Z] [INFO] [+411.6s]    📈 Total so far: 8300 (16.4%)
[2026-01-29T14:18:03.349Z] [INFO] [+415.1s] 
📄 Fetching page 84/506...
[2026-01-29T14:18:04.487Z] [INFO] [+416.3s] ⚡ Rate limit: 16/20 remaining
[2026-01-29T14:18:04.885Z] [✓] [+416.7s]    ✓ Fetched 100 findings
[2026-01-29T14:18:04.886Z] [INFO] [+416.7s]    📈 Total so far: 8400 (16.6%)
[2026-01-29T14:18:08.391Z] [INFO] [+420.2s] 
📄 Fetching page 85/506...
[2026-01-29T14:18:09.111Z] [INFO] [+420.9s] ⚡ Rate limit: 15/20 remaining
[2026-01-29T14:18:09.723Z] [✓] [+421.5s]    ✓ Fetched 100 findings
[2026-01-29T14:18:09.725Z] [INFO] [+421.5s]    📈 Total so far: 8500 (16.8%)
[2026-01-29T14:18:13.233Z] [INFO] [+425.0s] 
📄 Fetching page 86/506...
[2026-01-29T14:18:14.061Z] [INFO] [+425.9s] ⚡ Rate limit: 14/20 remaining
[2026-01-29T14:18:14.727Z] [✓] [+426.5s]    ✓ Fetched 100 findings
[2026-01-29T14:18:14.729Z] [INFO] [+426.5s]    📈 Total so far: 8600 (17.0%)
[2026-01-29T14:18:18.235Z] [INFO] [+430.0s] 
📄 Fetching page 87/506...
[2026-01-29T14:18:18.996Z] [INFO] [+430.8s] ⚡ Rate limit: 13/20 remaining
[2026-01-29T14:18:19.258Z] [✓] [+431.1s]    ✓ Fetched 100 findings
[2026-01-29T14:18:19.260Z] [INFO] [+431.1s]    📈 Total so far: 8700 (17.2%)
[2026-01-29T14:18:22.773Z] [INFO] [+434.6s] 
📄 Fetching page 88/506...
[2026-01-29T14:18:23.503Z] [INFO] [+435.3s] ⚡ Rate limit: 12/20 remaining
[2026-01-29T14:18:23.955Z] [✓] [+435.8s]    ✓ Fetched 100 findings
[2026-01-29T14:18:23.957Z] [INFO] [+435.8s]    📈 Total so far: 8800 (17.4%)
[2026-01-29T14:18:27.471Z] [INFO] [+439.3s] 
📄 Fetching page 89/506...
[2026-01-29T14:18:28.769Z] [INFO] [+440.6s] ⚡ Rate limit: 11/20 remaining
[2026-01-29T14:18:29.230Z] [✓] [+441.0s]    ✓ Fetched 100 findings
[2026-01-29T14:18:29.231Z] [INFO] [+441.0s]    📈 Total so far: 8900 (17.6%)
[2026-01-29T14:18:32.735Z] [INFO] [+444.5s] 
📄 Fetching page 90/506...
[2026-01-29T14:18:33.427Z] [INFO] [+445.2s] ⚡ Rate limit: 10/20 remaining
[2026-01-29T14:18:33.525Z] [✓] [+445.3s]    ✓ Fetched 100 findings
[2026-01-29T14:18:33.526Z] [INFO] [+445.3s]    📈 Total so far: 9000 (17.8%)
[2026-01-29T14:18:37.028Z] [INFO] [+448.8s] 
📄 Fetching page 91/506...
[2026-01-29T14:18:37.946Z] [INFO] [+449.7s] ⚡ Rate limit: 9/20 remaining
[2026-01-29T14:18:38.559Z] [✓] [+450.4s]    ✓ Fetched 100 findings
[2026-01-29T14:18:38.560Z] [INFO] [+450.4s]    📈 Total so far: 9100 (18.0%)
[2026-01-29T14:18:42.063Z] [INFO] [+453.9s] 
📄 Fetching page 92/506...
[2026-01-29T14:18:42.770Z] [INFO] [+454.6s] ⚡ Rate limit: 8/20 remaining
[2026-01-29T14:18:43.421Z] [✓] [+455.2s]    ✓ Fetched 100 findings
[2026-01-29T14:18:43.429Z] [INFO] [+455.2s]    📈 Total so far: 9200 (18.2%)
[2026-01-29T14:18:46.934Z] [INFO] [+458.7s] 
📄 Fetching page 93/506...
[2026-01-29T14:18:47.708Z] [INFO] [+459.5s] ⚡ Rate limit: 7/20 remaining
[2026-01-29T14:18:48.308Z] [✓] [+460.1s]    ✓ Fetched 100 findings
[2026-01-29T14:18:48.309Z] [INFO] [+460.1s]    📈 Total so far: 9300 (18.4%)
[2026-01-29T14:18:51.815Z] [INFO] [+463.6s] 
📄 Fetching page 94/506...
[2026-01-29T14:18:52.653Z] [INFO] [+464.4s] ⚡ Rate limit: 19/20 remaining
[2026-01-29T14:18:53.062Z] [✓] [+464.9s]    ✓ Fetched 100 findings
[2026-01-29T14:18:53.063Z] [INFO] [+464.9s]    📈 Total so far: 9400 (18.6%)
[2026-01-29T14:18:56.571Z] [INFO] [+468.4s] 
📄 Fetching page 95/506...
[2026-01-29T14:18:57.263Z] [INFO] [+469.1s] ⚡ Rate limit: 18/20 remaining
[2026-01-29T14:18:57.907Z] [✓] [+469.7s]    ✓ Fetched 100 findings
[2026-01-29T14:18:57.909Z] [INFO] [+469.7s]    📈 Total so far: 9500 (18.8%)
[2026-01-29T14:19:01.421Z] [INFO] [+473.2s] 
📄 Fetching page 96/506...
[2026-01-29T14:19:02.190Z] [INFO] [+474.0s] ⚡ Rate limit: 17/20 remaining
[2026-01-29T14:19:02.820Z] [✓] [+474.6s]    ✓ Fetched 100 findings
[2026-01-29T14:19:02.823Z] [INFO] [+474.6s]    📈 Total so far: 9600 (19.0%)
[2026-01-29T14:19:06.328Z] [INFO] [+478.1s] 
📄 Fetching page 97/506...
[2026-01-29T14:19:07.620Z] [INFO] [+479.4s] ⚡ Rate limit: 16/20 remaining
[2026-01-29T14:19:07.836Z] [✓] [+479.6s]    ✓ Fetched 100 findings
[2026-01-29T14:19:07.838Z] [INFO] [+479.6s]    📈 Total so far: 9700 (19.2%)
[2026-01-29T14:19:11.339Z] [INFO] [+483.1s] 
📄 Fetching page 98/506...
[2026-01-29T14:19:12.078Z] [INFO] [+483.9s] ⚡ Rate limit: 15/20 remaining
[2026-01-29T14:19:12.757Z] [✓] [+484.6s]    ✓ Fetched 100 findings
[2026-01-29T14:19:12.780Z] [INFO] [+484.6s]    📈 Total so far: 9800 (19.4%)
[2026-01-29T14:19:16.289Z] [INFO] [+488.1s] 
📄 Fetching page 99/506...
[2026-01-29T14:19:16.997Z] [INFO] [+488.8s] ⚡ Rate limit: 14/20 remaining
[2026-01-29T14:19:17.054Z] [✓] [+488.9s]    ✓ Fetched 100 findings
[2026-01-29T14:19:17.056Z] [INFO] [+488.9s]    📈 Total so far: 9900 (19.6%)
[2026-01-29T14:19:20.567Z] [INFO] [+492.4s] 
📄 Fetching page 100/506...
[2026-01-29T14:19:21.282Z] [INFO] [+493.1s] ⚡ Rate limit: 13/20 remaining
[2026-01-29T14:19:21.748Z] [✓] [+493.5s]    ✓ Fetched 100 findings
[2026-01-29T14:19:21.750Z] [INFO] [+493.5s]    📈 Total so far: 10000 (19.8%)
[2026-01-29T14:19:22.709Z] [INFO] [+494.5s] 💾 Checkpoint saved: Page 100, Total findings: 10000
[2026-01-29T14:19:26.215Z] [INFO] [+498.0s] 
📄 Fetching page 101/506...
[2026-01-29T14:19:27.680Z] [INFO] [+499.5s] ⚡ Rate limit: 12/20 remaining
[2026-01-29T14:19:28.101Z] [✓] [+499.9s]    ✓ Fetched 100 findings
[2026-01-29T14:19:28.103Z] [INFO] [+499.9s]    📈 Total so far: 10100 (20.0%)
[2026-01-29T14:19:31.608Z] [INFO] [+503.4s] 
📄 Fetching page 102/506...
[2026-01-29T14:19:32.378Z] [INFO] [+504.2s] ⚡ Rate limit: 11/20 remaining
[2026-01-29T14:19:32.601Z] [✓] [+504.4s]    ✓ Fetched 100 findings
[2026-01-29T14:19:32.608Z] [INFO] [+504.4s]    📈 Total so far: 10200 (20.2%)
[2026-01-29T14:19:36.130Z] [INFO] [+507.9s] 
📄 Fetching page 103/506...
[2026-01-29T14:19:37.020Z] [INFO] [+508.8s] ⚡ Rate limit: 10/20 remaining
[2026-01-29T14:19:37.608Z] [✓] [+509.4s]    ✓ Fetched 100 findings
[2026-01-29T14:19:37.610Z] [INFO] [+509.4s]    📈 Total so far: 10300 (20.4%)
[2026-01-29T14:19:41.121Z] [INFO] [+512.9s] 
📄 Fetching page 104/506...
[2026-01-29T14:19:41.887Z] [INFO] [+513.7s] ⚡ Rate limit: 9/20 remaining
[2026-01-29T14:19:42.158Z] [✓] [+514.0s]    ✓ Fetched 100 findings
[2026-01-29T14:19:42.159Z] [INFO] [+514.0s]    📈 Total so far: 10400 (20.6%)
[2026-01-29T14:19:45.674Z] [INFO] [+517.5s] 
📄 Fetching page 105/506...
[2026-01-29T14:19:46.492Z] [INFO] [+518.3s] ⚡ Rate limit: 8/20 remaining
[2026-01-29T14:19:46.910Z] [✓] [+518.7s]    ✓ Fetched 100 findings
[2026-01-29T14:19:46.911Z] [INFO] [+518.7s]    📈 Total so far: 10500 (20.8%)
[2026-01-29T14:19:50.415Z] [INFO] [+522.2s] 
📄 Fetching page 106/506...
[2026-01-29T14:19:51.230Z] [INFO] [+523.0s] ⚡ Rate limit: 7/20 remaining
[2026-01-29T14:19:51.836Z] [✓] [+523.6s]    ✓ Fetched 100 findings
[2026-01-29T14:19:51.837Z] [INFO] [+523.6s]    📈 Total so far: 10600 (21.0%)
[2026-01-29T14:19:55.346Z] [INFO] [+527.1s] 
📄 Fetching page 107/506...
[2026-01-29T14:19:56.535Z] [INFO] [+528.3s] ⚡ Rate limit: 19/20 remaining
[2026-01-29T14:19:56.988Z] [✓] [+528.8s]    ✓ Fetched 100 findings
[2026-01-29T14:19:56.989Z] [INFO] [+528.8s]    📈 Total so far: 10700 (21.2%)
[2026-01-29T14:20:00.492Z] [INFO] [+532.3s] 
📄 Fetching page 108/506...
[2026-01-29T14:20:01.325Z] [INFO] [+533.1s] ⚡ Rate limit: 18/20 remaining
[2026-01-29T14:20:02.906Z] [✓] [+534.7s]    ✓ Fetched 100 findings
[2026-01-29T14:20:02.908Z] [INFO] [+534.7s]    📈 Total so far: 10800 (21.4%)
[2026-01-29T14:20:06.414Z] [INFO] [+538.2s] 
📄 Fetching page 109/506...
[2026-01-29T14:20:07.325Z] [INFO] [+539.1s] ⚡ Rate limit: 17/20 remaining
[2026-01-29T14:20:08.009Z] [✓] [+539.8s]    ✓ Fetched 100 findings
[2026-01-29T14:20:08.011Z] [INFO] [+539.8s]    📈 Total so far: 10900 (21.6%)
[2026-01-29T14:20:11.523Z] [INFO] [+543.3s] 
📄 Fetching page 110/506...
[2026-01-29T14:20:12.274Z] [INFO] [+544.1s] ⚡ Rate limit: 16/20 remaining
[2026-01-29T14:20:12.865Z] [✓] [+544.7s]    ✓ Fetched 100 findings
[2026-01-29T14:20:12.867Z] [INFO] [+544.7s]    📈 Total so far: 11000 (21.8%)
[2026-01-29T14:20:16.374Z] [INFO] [+548.2s] 
📄 Fetching page 111/506...
[2026-01-29T14:20:17.092Z] [INFO] [+548.9s] ⚡ Rate limit: 15/20 remaining
[2026-01-29T14:20:17.342Z] [✓] [+549.1s]    ✓ Fetched 100 findings
[2026-01-29T14:20:17.344Z] [INFO] [+549.1s]    📈 Total so far: 11100 (22.0%)
[2026-01-29T14:20:20.848Z] [INFO] [+552.6s] 
📄 Fetching page 112/506...
[2026-01-29T14:20:21.683Z] [INFO] [+553.5s] ⚡ Rate limit: 14/20 remaining
[2026-01-29T14:20:22.210Z] [✓] [+554.0s]    ✓ Fetched 100 findings
[2026-01-29T14:20:22.211Z] [INFO] [+554.0s]    📈 Total so far: 11200 (22.2%)
[2026-01-29T14:20:25.729Z] [INFO] [+557.5s] 
📄 Fetching page 113/506...
[2026-01-29T14:20:26.449Z] [INFO] [+558.2s] ⚡ Rate limit: 13/20 remaining
[2026-01-29T14:20:26.904Z] [✓] [+558.7s]    ✓ Fetched 100 findings
[2026-01-29T14:20:26.906Z] [INFO] [+558.7s]    📈 Total so far: 11300 (22.4%)
[2026-01-29T14:20:30.411Z] [INFO] [+562.2s] 
📄 Fetching page 114/506...
[2026-01-29T14:20:31.163Z] [INFO] [+563.0s] ⚡ Rate limit: 12/20 remaining
[2026-01-29T14:20:31.766Z] [✓] [+563.6s]    ✓ Fetched 100 findings
[2026-01-29T14:20:31.773Z] [INFO] [+563.6s]    📈 Total so far: 11400 (22.6%)
[2026-01-29T14:20:35.292Z] [INFO] [+567.1s] 
📄 Fetching page 115/506...
[2026-01-29T14:20:36.005Z] [INFO] [+567.8s] ⚡ Rate limit: 11/20 remaining
[2026-01-29T14:20:36.606Z] [✓] [+568.4s]    ✓ Fetched 100 findings
[2026-01-29T14:20:36.607Z] [INFO] [+568.4s]    📈 Total so far: 11500 (22.8%)
[2026-01-29T14:20:40.109Z] [INFO] [+571.9s] 
📄 Fetching page 116/506...
[2026-01-29T14:20:40.798Z] [INFO] [+572.6s] ⚡ Rate limit: 10/20 remaining
[2026-01-29T14:20:41.184Z] [✓] [+573.0s]    ✓ Fetched 100 findings
[2026-01-29T14:20:41.185Z] [INFO] [+573.0s]    📈 Total so far: 11600 (23.0%)
[2026-01-29T14:20:44.689Z] [INFO] [+576.5s] 
📄 Fetching page 117/506...
[2026-01-29T14:20:45.757Z] [INFO] [+577.6s] ⚡ Rate limit: 9/20 remaining
[2026-01-29T14:20:45.905Z] [✓] [+577.7s]    ✓ Fetched 100 findings
[2026-01-29T14:20:45.906Z] [INFO] [+577.7s]    📈 Total so far: 11700 (23.2%)
[2026-01-29T14:20:49.416Z] [INFO] [+581.2s] 
📄 Fetching page 118/506...
[2026-01-29T14:20:50.707Z] [INFO] [+582.5s] ⚡ Rate limit: 8/20 remaining
[2026-01-29T14:20:51.151Z] [✓] [+582.9s]    ✓ Fetched 100 findings
[2026-01-29T14:20:51.152Z] [INFO] [+582.9s]    📈 Total so far: 11800 (23.4%)
[2026-01-29T14:20:54.657Z] [INFO] [+586.5s] 
📄 Fetching page 119/506...
[2026-01-29T14:20:55.377Z] [INFO] [+587.2s] ⚡ Rate limit: 7/20 remaining
[2026-01-29T14:20:55.990Z] [✓] [+587.8s]    ✓ Fetched 100 findings
[2026-01-29T14:20:55.991Z] [INFO] [+587.8s]    📈 Total so far: 11900 (23.6%)
[2026-01-29T14:20:59.507Z] [INFO] [+591.3s] 
📄 Fetching page 120/506...
[2026-01-29T14:21:00.228Z] [INFO] [+592.0s] ⚡ Rate limit: 19/20 remaining
[2026-01-29T14:21:00.840Z] [✓] [+592.6s]    ✓ Fetched 100 findings
[2026-01-29T14:21:00.847Z] [INFO] [+592.6s]    📈 Total so far: 12000 (23.7%)
[2026-01-29T14:21:04.361Z] [INFO] [+596.2s] 
📄 Fetching page 121/506...
[2026-01-29T14:21:05.268Z] [INFO] [+597.1s] ⚡ Rate limit: 18/20 remaining
[2026-01-29T14:21:05.914Z] [✓] [+597.7s]    ✓ Fetched 100 findings
[2026-01-29T14:21:05.916Z] [INFO] [+597.7s]    📈 Total so far: 12100 (23.9%)
[2026-01-29T14:21:09.421Z] [INFO] [+601.2s] 
📄 Fetching page 122/506...
[2026-01-29T14:21:10.409Z] [INFO] [+602.2s] ⚡ Rate limit: 17/20 remaining
[2026-01-29T14:21:11.083Z] [✓] [+602.9s]    ✓ Fetched 100 findings
[2026-01-29T14:21:11.095Z] [INFO] [+602.9s]    📈 Total so far: 12200 (24.1%)
[2026-01-29T14:21:14.617Z] [INFO] [+606.4s] 
📄 Fetching page 123/506...
[2026-01-29T14:21:15.353Z] [INFO] [+607.1s] ⚡ Rate limit: 16/20 remaining
[2026-01-29T14:21:16.141Z] [✓] [+607.9s]    ✓ Fetched 100 findings
[2026-01-29T14:21:16.146Z] [INFO] [+607.9s]    📈 Total so far: 12300 (24.3%)
[2026-01-29T14:21:19.653Z] [INFO] [+611.5s] 
📄 Fetching page 124/506...
[2026-01-29T14:21:20.394Z] [INFO] [+612.2s] ⚡ Rate limit: 15/20 remaining
[2026-01-29T14:21:20.820Z] [✓] [+612.6s]    ✓ Fetched 100 findings
[2026-01-29T14:21:20.821Z] [INFO] [+612.6s]    📈 Total so far: 12400 (24.5%)
[2026-01-29T14:21:24.334Z] [INFO] [+616.1s] 
📄 Fetching page 125/506...
[2026-01-29T14:21:25.259Z] [INFO] [+617.1s] ⚡ Rate limit: 14/20 remaining
[2026-01-29T14:21:26.429Z] [✓] [+618.2s]    ✓ Fetched 100 findings
[2026-01-29T14:21:26.432Z] [INFO] [+618.2s]    📈 Total so far: 12500 (24.7%)
[2026-01-29T14:21:29.954Z] [INFO] [+621.8s] 
📄 Fetching page 126/506...
[2026-01-29T14:21:30.655Z] [INFO] [+622.5s] ⚡ Rate limit: 13/20 remaining
[2026-01-29T14:21:31.318Z] [✓] [+623.1s]    ✓ Fetched 100 findings
[2026-01-29T14:21:31.320Z] [INFO] [+623.1s]    📈 Total so far: 12600 (24.9%)
[2026-01-29T14:21:34.837Z] [INFO] [+626.6s] 
📄 Fetching page 127/506...
[2026-01-29T14:21:35.776Z] [INFO] [+627.6s] ⚡ Rate limit: 12/20 remaining
[2026-01-29T14:21:35.906Z] [✓] [+627.7s]    ✓ Fetched 100 findings
[2026-01-29T14:21:35.907Z] [INFO] [+627.7s]    📈 Total so far: 12700 (25.1%)
[2026-01-29T14:21:39.417Z] [INFO] [+631.2s] 
📄 Fetching page 128/506...
[2026-01-29T14:21:40.323Z] [INFO] [+632.1s] ⚡ Rate limit: 11/20 remaining
[2026-01-29T14:21:40.765Z] [✓] [+632.6s]    ✓ Fetched 100 findings
[2026-01-29T14:21:40.766Z] [INFO] [+632.6s]    📈 Total so far: 12800 (25.3%)
[2026-01-29T14:21:44.279Z] [INFO] [+636.1s] 
📄 Fetching page 129/506...
[2026-01-29T14:21:45.224Z] [INFO] [+637.0s] ⚡ Rate limit: 10/20 remaining
[2026-01-29T14:21:45.810Z] [✓] [+637.6s]    ✓ Fetched 100 findings
[2026-01-29T14:21:45.811Z] [INFO] [+637.6s]    📈 Total so far: 12900 (25.5%)
[2026-01-29T14:21:49.313Z] [INFO] [+641.1s] 
📄 Fetching page 130/506...
[2026-01-29T14:21:50.281Z] [INFO] [+642.1s] ⚡ Rate limit: 9/20 remaining
[2026-01-29T14:21:50.745Z] [✓] [+642.5s]    ✓ Fetched 100 findings
[2026-01-29T14:21:50.746Z] [INFO] [+642.5s]    📈 Total so far: 13000 (25.7%)
[2026-01-29T14:21:54.258Z] [INFO] [+646.1s] 
📄 Fetching page 131/506...
[2026-01-29T14:21:55.047Z] [INFO] [+646.8s] ⚡ Rate limit: 8/20 remaining
[2026-01-29T14:21:55.954Z] [✓] [+647.8s]    ✓ Fetched 100 findings
[2026-01-29T14:21:55.956Z] [INFO] [+647.8s]    📈 Total so far: 13100 (25.9%)
[2026-01-29T14:21:59.466Z] [INFO] [+651.3s] 
📄 Fetching page 132/506...
[2026-01-29T14:22:00.341Z] [INFO] [+652.1s] ⚡ Rate limit: 7/20 remaining
[2026-01-29T14:22:00.748Z] [✓] [+652.5s]    ✓ Fetched 100 findings
[2026-01-29T14:22:00.750Z] [INFO] [+652.5s]    📈 Total so far: 13200 (26.1%)
[2026-01-29T14:22:04.257Z] [INFO] [+656.1s] 
📄 Fetching page 133/506...
[2026-01-29T14:22:05.207Z] [INFO] [+657.0s] ⚡ Rate limit: 19/20 remaining
[2026-01-29T14:22:05.852Z] [✓] [+657.6s]    ✓ Fetched 100 findings
[2026-01-29T14:22:05.853Z] [INFO] [+657.6s]    📈 Total so far: 13300 (26.3%)
[2026-01-29T14:22:09.365Z] [INFO] [+661.2s] 
📄 Fetching page 134/506...
[2026-01-29T14:22:10.321Z] [INFO] [+662.1s] ⚡ Rate limit: 18/20 remaining
[2026-01-29T14:22:10.949Z] [✓] [+662.7s]    ✓ Fetched 100 findings
[2026-01-29T14:22:10.951Z] [INFO] [+662.7s]    📈 Total so far: 13400 (26.5%)
[2026-01-29T14:22:14.464Z] [INFO] [+666.3s] 
📄 Fetching page 135/506...
[2026-01-29T14:22:15.591Z] [INFO] [+667.4s] ⚡ Rate limit: 17/20 remaining
[2026-01-29T14:22:16.001Z] [✓] [+667.8s]    ✓ Fetched 100 findings
[2026-01-29T14:22:16.002Z] [INFO] [+667.8s]    📈 Total so far: 13500 (26.7%)
[2026-01-29T14:22:19.507Z] [INFO] [+671.3s] 
📄 Fetching page 136/506...
[2026-01-29T14:22:20.817Z] [INFO] [+672.6s] ⚡ Rate limit: 16/20 remaining
[2026-01-29T14:22:21.471Z] [✓] [+673.3s]    ✓ Fetched 100 findings
[2026-01-29T14:22:21.472Z] [INFO] [+673.3s]    📈 Total so far: 13600 (26.9%)
[2026-01-29T14:22:24.976Z] [INFO] [+676.8s] 
📄 Fetching page 137/506...
[2026-01-29T14:22:25.941Z] [INFO] [+677.7s] ⚡ Rate limit: 15/20 remaining
[2026-01-29T14:22:26.578Z] [✓] [+678.4s]    ✓ Fetched 100 findings
[2026-01-29T14:22:26.580Z] [INFO] [+678.4s]    📈 Total so far: 13700 (27.1%)
[2026-01-29T14:22:30.094Z] [INFO] [+681.9s] 
📄 Fetching page 138/506...
[2026-01-29T14:22:30.959Z] [INFO] [+682.8s] ⚡ Rate limit: 14/20 remaining
[2026-01-29T14:22:31.374Z] [✓] [+683.2s]    ✓ Fetched 100 findings
[2026-01-29T14:22:31.376Z] [INFO] [+683.2s]    📈 Total so far: 13800 (27.3%)
[2026-01-29T14:22:34.878Z] [INFO] [+686.7s] 
📄 Fetching page 139/506...
[2026-01-29T14:22:36.038Z] [INFO] [+687.8s] ⚡ Rate limit: 13/20 remaining
[2026-01-29T14:22:36.467Z] [✓] [+688.3s]    ✓ Fetched 100 findings
[2026-01-29T14:22:36.469Z] [INFO] [+688.3s]    📈 Total so far: 13900 (27.5%)
[2026-01-29T14:22:39.978Z] [INFO] [+691.8s] 
📄 Fetching page 140/506...
[2026-01-29T14:22:40.686Z] [INFO] [+692.5s] ⚡ Rate limit: 12/20 remaining
[2026-01-29T14:22:40.928Z] [✓] [+692.7s]    ✓ Fetched 100 findings
[2026-01-29T14:22:40.929Z] [INFO] [+692.7s]    📈 Total so far: 14000 (27.7%)
[2026-01-29T14:22:44.444Z] [INFO] [+696.2s] 
📄 Fetching page 141/506...
[2026-01-29T14:22:45.179Z] [INFO] [+697.0s] ⚡ Rate limit: 11/20 remaining
[2026-01-29T14:22:46.809Z] [✓] [+698.6s]    ✓ Fetched 100 findings
[2026-01-29T14:22:46.810Z] [INFO] [+698.6s]    📈 Total so far: 14100 (27.9%)
[2026-01-29T14:22:50.326Z] [INFO] [+702.1s] 
📄 Fetching page 142/506...
[2026-01-29T14:22:51.268Z] [INFO] [+703.1s] ⚡ Rate limit: 10/20 remaining
[2026-01-29T14:22:52.092Z] [✓] [+703.9s]    ✓ Fetched 100 findings
[2026-01-29T14:22:52.095Z] [INFO] [+703.9s]    📈 Total so far: 14200 (28.1%)
[2026-01-29T14:22:55.598Z] [INFO] [+707.4s] 
📄 Fetching page 143/506...
[2026-01-29T14:22:57.059Z] [INFO] [+708.9s] ⚡ Rate limit: 9/20 remaining
[2026-01-29T14:22:57.681Z] [✓] [+709.5s]    ✓ Fetched 100 findings
[2026-01-29T14:22:57.683Z] [INFO] [+709.5s]    📈 Total so far: 14300 (28.3%)
[2026-01-29T14:23:01.184Z] [INFO] [+713.0s] 
📄 Fetching page 144/506...
[2026-01-29T14:23:02.392Z] [INFO] [+714.2s] ⚡ Rate limit: 8/20 remaining
[2026-01-29T14:23:03.241Z] [✓] [+715.0s]    ✓ Fetched 100 findings
[2026-01-29T14:23:03.244Z] [INFO] [+715.0s]    📈 Total so far: 14400 (28.5%)
[2026-01-29T14:23:06.759Z] [INFO] [+718.6s] 
📄 Fetching page 145/506...
[2026-01-29T14:23:07.499Z] [INFO] [+719.3s] ⚡ Rate limit: 19/20 remaining
[2026-01-29T14:23:08.462Z] [✓] [+720.3s]    ✓ Fetched 100 findings
[2026-01-29T14:23:08.464Z] [INFO] [+720.3s]    📈 Total so far: 14500 (28.7%)
[2026-01-29T14:23:11.973Z] [INFO] [+723.8s] 
📄 Fetching page 146/506...
[2026-01-29T14:23:13.014Z] [INFO] [+724.8s] ⚡ Rate limit: 18/20 remaining
[2026-01-29T14:23:13.327Z] [✓] [+725.1s]    ✓ Fetched 100 findings
[2026-01-29T14:23:13.331Z] [INFO] [+725.1s]    📈 Total so far: 14600 (28.9%)
[2026-01-29T14:23:16.840Z] [INFO] [+728.6s] 
📄 Fetching page 147/506...
[2026-01-29T14:23:17.553Z] [INFO] [+729.4s] ⚡ Rate limit: 17/20 remaining
[2026-01-29T14:23:18.175Z] [✓] [+730.0s]    ✓ Fetched 100 findings
[2026-01-29T14:23:18.176Z] [INFO] [+730.0s]    📈 Total so far: 14700 (29.1%)
[2026-01-29T14:23:21.681Z] [INFO] [+733.5s] 
📄 Fetching page 148/506...
[2026-01-29T14:23:22.437Z] [INFO] [+734.2s] ⚡ Rate limit: 16/20 remaining
[2026-01-29T14:23:22.857Z] [✓] [+734.7s]    ✓ Fetched 100 findings
[2026-01-29T14:23:22.859Z] [INFO] [+734.7s]    📈 Total so far: 14800 (29.3%)
[2026-01-29T14:23:26.373Z] [INFO] [+738.2s] 
📄 Fetching page 149/506...
[2026-01-29T14:23:27.138Z] [INFO] [+738.9s] ⚡ Rate limit: 15/20 remaining
[2026-01-29T14:23:27.377Z] [✓] [+739.2s]    ✓ Fetched 100 findings
[2026-01-29T14:23:27.378Z] [INFO] [+739.2s]    📈 Total so far: 14900 (29.5%)
[2026-01-29T14:23:30.890Z] [INFO] [+742.7s] 
📄 Fetching page 150/506...
[2026-01-29T14:23:32.906Z] [INFO] [+744.7s] ⚡ Rate limit: 14/20 remaining
[2026-01-29T14:23:33.565Z] [✓] [+745.4s]    ✓ Fetched 100 findings
[2026-01-29T14:23:33.566Z] [INFO] [+745.4s]    📈 Total so far: 15000 (29.7%)
[2026-01-29T14:23:35.755Z] [INFO] [+747.6s] 💾 Checkpoint saved: Page 150, Total findings: 15000
[2026-01-29T14:23:39.263Z] [INFO] [+751.1s] 
📄 Fetching page 151/506...
[2026-01-29T14:23:40.748Z] [INFO] [+752.5s] ⚡ Rate limit: 13/20 remaining
[2026-01-29T14:23:41.398Z] [✓] [+753.2s]    ✓ Fetched 100 findings
[2026-01-29T14:23:41.400Z] [INFO] [+753.2s]    📈 Total so far: 15100 (29.9%)
[2026-01-29T14:23:44.905Z] [INFO] [+756.7s] 
📄 Fetching page 152/506...
[2026-01-29T14:23:45.716Z] [INFO] [+757.5s] ⚡ Rate limit: 12/20 remaining
[2026-01-29T14:23:46.335Z] [✓] [+758.1s]    ✓ Fetched 100 findings
[2026-01-29T14:23:46.337Z] [INFO] [+758.1s]    📈 Total so far: 15200 (30.1%)
[2026-01-29T14:23:49.854Z] [INFO] [+761.7s] 
📄 Fetching page 153/506...
[2026-01-29T14:23:50.634Z] [INFO] [+762.4s] ⚡ Rate limit: 11/20 remaining
[2026-01-29T14:23:51.317Z] [✓] [+763.1s]    ✓ Fetched 100 findings
[2026-01-29T14:23:51.318Z] [INFO] [+763.1s]    📈 Total so far: 15300 (30.3%)
[2026-01-29T14:23:54.834Z] [INFO] [+766.6s] 
📄 Fetching page 154/506...
[2026-01-29T14:23:55.483Z] [INFO] [+767.3s] ⚡ Rate limit: 10/20 remaining
[2026-01-29T14:23:56.057Z] [✓] [+767.9s]    ✓ Fetched 100 findings
[2026-01-29T14:23:56.058Z] [INFO] [+767.9s]    📈 Total so far: 15400 (30.5%)
[2026-01-29T14:23:59.561Z] [INFO] [+771.4s] 
📄 Fetching page 155/506...
[2026-01-29T14:24:00.523Z] [INFO] [+772.3s] ⚡ Rate limit: 9/20 remaining
[2026-01-29T14:24:01.275Z] [✓] [+773.1s]    ✓ Fetched 100 findings
[2026-01-29T14:24:01.276Z] [INFO] [+773.1s]    📈 Total so far: 15500 (30.7%)
[2026-01-29T14:24:04.777Z] [INFO] [+776.6s] 
📄 Fetching page 156/506...
[2026-01-29T14:24:05.750Z] [INFO] [+777.5s] ⚡ Rate limit: 8/20 remaining
[2026-01-29T14:24:05.978Z] [✓] [+777.8s]    ✓ Fetched 100 findings
[2026-01-29T14:24:05.980Z] [INFO] [+777.8s]    📈 Total so far: 15600 (30.9%)
[2026-01-29T14:24:09.484Z] [INFO] [+781.3s] 
📄 Fetching page 157/506...
[2026-01-29T14:24:10.207Z] [INFO] [+782.0s] ⚡ Rate limit: 19/20 remaining
[2026-01-29T14:24:10.852Z] [✓] [+782.6s]    ✓ Fetched 100 findings
[2026-01-29T14:24:10.853Z] [INFO] [+782.6s]    📈 Total so far: 15700 (31.1%)
[2026-01-29T14:24:14.367Z] [INFO] [+786.2s] 
📄 Fetching page 158/506...
[2026-01-29T14:24:15.744Z] [INFO] [+787.5s] ⚡ Rate limit: 18/20 remaining
[2026-01-29T14:24:16.357Z] [✓] [+788.2s]    ✓ Fetched 100 findings
[2026-01-29T14:24:16.360Z] [INFO] [+788.2s]    📈 Total so far: 15800 (31.3%)
[2026-01-29T14:24:19.868Z] [INFO] [+791.7s] 
📄 Fetching page 159/506...
[2026-01-29T14:24:20.550Z] [INFO] [+792.3s] ⚡ Rate limit: 17/20 remaining
[2026-01-29T14:24:20.964Z] [✓] [+792.8s]    ✓ Fetched 100 findings
[2026-01-29T14:24:20.965Z] [INFO] [+792.8s]    📈 Total so far: 15900 (31.5%)
[2026-01-29T14:24:24.467Z] [INFO] [+796.3s] 
📄 Fetching page 160/506...
[2026-01-29T14:24:25.248Z] [INFO] [+797.0s] ⚡ Rate limit: 16/20 remaining
[2026-01-29T14:24:25.894Z] [✓] [+797.7s]    ✓ Fetched 100 findings
[2026-01-29T14:24:25.895Z] [INFO] [+797.7s]    📈 Total so far: 16000 (31.7%)
[2026-01-29T14:24:29.400Z] [INFO] [+801.2s] 
📄 Fetching page 161/506...
[2026-01-29T14:24:30.060Z] [INFO] [+801.9s] ⚡ Rate limit: 15/20 remaining
[2026-01-29T14:24:30.520Z] [✓] [+802.3s]    ✓ Fetched 100 findings
[2026-01-29T14:24:30.521Z] [INFO] [+802.3s]    📈 Total so far: 16100 (31.9%)
[2026-01-29T14:24:34.026Z] [INFO] [+805.8s] 
📄 Fetching page 162/506...
[2026-01-29T14:24:35.115Z] [INFO] [+806.9s] ⚡ Rate limit: 14/20 remaining
[2026-01-29T14:24:35.654Z] [✓] [+807.5s]    ✓ Fetched 100 findings
[2026-01-29T14:24:35.736Z] [INFO] [+807.5s]    📈 Total so far: 16200 (32.1%)
[2026-01-29T14:24:39.747Z] [INFO] [+811.5s] 
📄 Fetching page 163/506...
[2026-01-29T14:24:41.859Z] [INFO] [+813.7s] ⚡ Rate limit: 13/20 remaining
[2026-01-29T14:24:42.971Z] [✓] [+814.8s]    ✓ Fetched 100 findings
[2026-01-29T14:24:43.004Z] [INFO] [+814.8s]    📈 Total so far: 16300 (32.3%)
[2026-01-29T14:24:46.546Z] [INFO] [+818.3s] 
📄 Fetching page 164/506...
[2026-01-29T14:24:47.256Z] [INFO] [+819.1s] ⚡ Rate limit: 12/20 remaining
[2026-01-29T14:24:48.062Z] [✓] [+819.9s]    ✓ Fetched 100 findings
[2026-01-29T14:24:48.063Z] [INFO] [+819.9s]    📈 Total so far: 16400 (32.5%)
[2026-01-29T14:24:51.578Z] [INFO] [+823.4s] 
📄 Fetching page 165/506...
[2026-01-29T14:24:52.366Z] [INFO] [+824.2s] ⚡ Rate limit: 11/20 remaining
[2026-01-29T14:24:52.960Z] [✓] [+824.8s]    ✓ Fetched 100 findings
[2026-01-29T14:24:52.962Z] [INFO] [+824.8s]    📈 Total so far: 16500 (32.7%)
[2026-01-29T14:24:56.466Z] [INFO] [+828.3s] 
📄 Fetching page 166/506...
[2026-01-29T14:24:57.222Z] [INFO] [+829.0s] ⚡ Rate limit: 10/20 remaining
[2026-01-29T14:24:57.845Z] [✓] [+829.6s]    ✓ Fetched 100 findings
[2026-01-29T14:24:57.859Z] [INFO] [+829.7s]    📈 Total so far: 16600 (32.9%)
[2026-01-29T14:25:01.405Z] [INFO] [+833.2s] 
📄 Fetching page 167/506...
[2026-01-29T14:25:02.634Z] [INFO] [+834.4s] ⚡ Rate limit: 9/20 remaining
[2026-01-29T14:25:03.473Z] [✓] [+835.3s]    ✓ Fetched 100 findings
[2026-01-29T14:25:03.597Z] [INFO] [+835.4s]    📈 Total so far: 16700 (33.0%)
[2026-01-29T14:25:07.151Z] [INFO] [+838.9s] 
📄 Fetching page 168/506...
[2026-01-29T14:25:08.248Z] [INFO] [+840.0s] ⚡ Rate limit: 8/20 remaining
[2026-01-29T14:25:08.686Z] [✓] [+840.5s]    ✓ Fetched 100 findings
[2026-01-29T14:25:08.687Z] [INFO] [+840.5s]    📈 Total so far: 16800 (33.2%)
[2026-01-29T14:25:12.426Z] [INFO] [+844.2s] 
📄 Fetching page 169/506...
[2026-01-29T14:25:13.608Z] [INFO] [+845.4s] ⚡ Rate limit: 19/20 remaining
[2026-01-29T14:25:14.138Z] [✓] [+845.9s]    ✓ Fetched 100 findings
[2026-01-29T14:25:14.144Z] [INFO] [+845.9s]    📈 Total so far: 16900 (33.4%)
[2026-01-29T14:25:17.683Z] [INFO] [+849.5s] 
📄 Fetching page 170/506...
[2026-01-29T14:25:18.573Z] [INFO] [+850.4s] ⚡ Rate limit: 18/20 remaining
[2026-01-29T14:25:20.485Z] [✓] [+852.3s]    ✓ Fetched 100 findings
[2026-01-29T14:25:20.527Z] [INFO] [+852.3s]    📈 Total so far: 17000 (33.6%)
[2026-01-29T14:25:24.064Z] [INFO] [+855.9s] 
📄 Fetching page 171/506...
[2026-01-29T14:25:25.431Z] [INFO] [+857.2s] ⚡ Rate limit: 17/20 remaining
[2026-01-29T14:25:25.961Z] [✓] [+857.8s]    ✓ Fetched 100 findings
[2026-01-29T14:25:25.971Z] [INFO] [+857.8s]    📈 Total so far: 17100 (33.8%)
[2026-01-29T14:25:29.490Z] [INFO] [+861.3s] 
📄 Fetching page 172/506...
[2026-01-29T14:25:30.538Z] [INFO] [+862.3s] ⚡ Rate limit: 16/20 remaining
[2026-01-29T14:25:31.161Z] [✓] [+863.0s]    ✓ Fetched 100 findings
[2026-01-29T14:25:31.164Z] [INFO] [+863.0s]    📈 Total so far: 17200 (34.0%)
[2026-01-29T14:25:34.673Z] [INFO] [+866.5s] 
📄 Fetching page 173/506...
[2026-01-29T14:25:35.541Z] [INFO] [+867.3s] ⚡ Rate limit: 15/20 remaining
[2026-01-29T14:25:35.788Z] [✓] [+867.6s]    ✓ Fetched 100 findings
[2026-01-29T14:25:35.790Z] [INFO] [+867.6s]    📈 Total so far: 17300 (34.2%)
[2026-01-29T14:25:39.295Z] [INFO] [+871.1s] 
📄 Fetching page 174/506...
[2026-01-29T14:25:39.992Z] [INFO] [+871.8s] ⚡ Rate limit: 14/20 remaining
[2026-01-29T14:25:40.607Z] [✓] [+872.4s]    ✓ Fetched 100 findings
[2026-01-29T14:25:40.609Z] [INFO] [+872.4s]    📈 Total so far: 17400 (34.4%)
[2026-01-29T14:25:44.115Z] [INFO] [+875.9s] 
📄 Fetching page 175/506...
[2026-01-29T14:25:44.862Z] [INFO] [+876.7s] ⚡ Rate limit: 13/20 remaining
[2026-01-29T14:25:45.102Z] [✓] [+876.9s]    ✓ Fetched 100 findings
[2026-01-29T14:25:45.104Z] [INFO] [+876.9s]    📈 Total so far: 17500 (34.6%)
[2026-01-29T14:25:48.610Z] [INFO] [+880.4s] 
📄 Fetching page 176/506...
[2026-01-29T14:25:49.611Z] [INFO] [+881.4s] ⚡ Rate limit: 12/20 remaining
[2026-01-29T14:25:50.206Z] [✓] [+882.0s]    ✓ Fetched 100 findings
[2026-01-29T14:25:50.208Z] [INFO] [+882.0s]    📈 Total so far: 17600 (34.8%)
[2026-01-29T14:25:53.720Z] [INFO] [+885.5s] 
📄 Fetching page 177/506...
[2026-01-29T14:25:54.674Z] [INFO] [+886.5s] ⚡ Rate limit: 11/20 remaining
[2026-01-29T14:25:55.292Z] [✓] [+887.1s]    ✓ Fetched 100 findings
[2026-01-29T14:25:55.294Z] [INFO] [+887.1s]    📈 Total so far: 17700 (35.0%)
[2026-01-29T14:25:58.806Z] [INFO] [+890.6s] 
📄 Fetching page 178/506...
[2026-01-29T14:25:59.503Z] [INFO] [+891.3s] ⚡ Rate limit: 10/20 remaining
[2026-01-29T14:25:59.964Z] [✓] [+891.8s]    ✓ Fetched 100 findings
[2026-01-29T14:25:59.965Z] [INFO] [+891.8s]    📈 Total so far: 17800 (35.2%)
[2026-01-29T14:26:03.481Z] [INFO] [+895.3s] 
📄 Fetching page 179/506...
[2026-01-29T14:26:04.215Z] [INFO] [+896.0s] ⚡ Rate limit: 9/20 remaining
[2026-01-29T14:26:04.978Z] [✓] [+896.8s]    ✓ Fetched 100 findings
[2026-01-29T14:26:04.979Z] [INFO] [+896.8s]    📈 Total so far: 17900 (35.4%)
[2026-01-29T14:26:08.489Z] [INFO] [+900.3s] 
📄 Fetching page 180/506...
[2026-01-29T14:26:09.415Z] [INFO] [+901.2s] ⚡ Rate limit: 8/20 remaining
[2026-01-29T14:26:10.054Z] [✓] [+901.9s]    ✓ Fetched 100 findings
[2026-01-29T14:26:10.065Z] [INFO] [+901.9s]    📈 Total so far: 18000 (35.6%)
[2026-01-29T14:26:13.584Z] [INFO] [+905.4s] 
📄 Fetching page 181/506...
[2026-01-29T14:26:14.361Z] [INFO] [+906.2s] ⚡ Rate limit: 19/20 remaining
[2026-01-29T14:26:14.980Z] [✓] [+906.8s]    ✓ Fetched 100 findings
[2026-01-29T14:26:14.982Z] [INFO] [+906.8s]    📈 Total so far: 18100 (35.8%)
[2026-01-29T14:26:18.487Z] [INFO] [+910.3s] 
📄 Fetching page 182/506...
[2026-01-29T14:26:19.432Z] [INFO] [+911.2s] ⚡ Rate limit: 18/20 remaining
[2026-01-29T14:26:20.068Z] [✓] [+911.9s]    ✓ Fetched 100 findings
[2026-01-29T14:26:20.070Z] [INFO] [+911.9s]    📈 Total so far: 18200 (36.0%)
[2026-01-29T14:26:23.581Z] [INFO] [+915.4s] 
📄 Fetching page 183/506...
[2026-01-29T14:26:24.575Z] [INFO] [+916.4s] ⚡ Rate limit: 17/20 remaining
[2026-01-29T14:26:25.443Z] [✓] [+917.2s]    ✓ Fetched 100 findings
[2026-01-29T14:26:25.445Z] [INFO] [+917.2s]    📈 Total so far: 18300 (36.2%)
[2026-01-29T14:26:28.950Z] [INFO] [+920.7s] 
📄 Fetching page 184/506...
[2026-01-29T14:26:29.665Z] [INFO] [+921.5s] ⚡ Rate limit: 16/20 remaining
[2026-01-29T14:26:30.136Z] [✓] [+921.9s]    ✓ Fetched 100 findings
[2026-01-29T14:26:30.138Z] [INFO] [+921.9s]    📈 Total so far: 18400 (36.4%)
[2026-01-29T14:26:33.640Z] [INFO] [+925.4s] 
📄 Fetching page 185/506...
[2026-01-29T14:26:34.509Z] [INFO] [+926.3s] ⚡ Rate limit: 15/20 remaining
[2026-01-29T14:26:35.110Z] [✓] [+926.9s]    ✓ Fetched 100 findings
[2026-01-29T14:26:35.111Z] [INFO] [+926.9s]    📈 Total so far: 18500 (36.6%)
[2026-01-29T14:26:38.622Z] [INFO] [+930.4s] 
📄 Fetching page 186/506...
[2026-01-29T14:26:39.326Z] [INFO] [+931.1s] ⚡ Rate limit: 14/20 remaining
[2026-01-29T14:26:40.047Z] [✓] [+931.8s]    ✓ Fetched 100 findings
[2026-01-29T14:26:40.048Z] [INFO] [+931.8s]    📈 Total so far: 18600 (36.8%)
[2026-01-29T14:26:43.557Z] [INFO] [+935.4s] 
📄 Fetching page 187/506...
[2026-01-29T14:26:44.242Z] [INFO] [+936.0s] ⚡ Rate limit: 13/20 remaining
[2026-01-29T14:26:44.646Z] [✓] [+936.4s]    ✓ Fetched 100 findings
[2026-01-29T14:26:44.648Z] [INFO] [+936.4s]    📈 Total so far: 18700 (37.0%)
[2026-01-29T14:26:48.162Z] [INFO] [+940.0s] 
📄 Fetching page 188/506...
[2026-01-29T14:26:49.070Z] [INFO] [+940.9s] ⚡ Rate limit: 12/20 remaining
[2026-01-29T14:26:49.484Z] [✓] [+941.3s]    ✓ Fetched 100 findings
[2026-01-29T14:26:49.485Z] [INFO] [+941.3s]    📈 Total so far: 18800 (37.2%)
[2026-01-29T14:26:52.990Z] [INFO] [+944.8s] 
📄 Fetching page 189/506...
[2026-01-29T14:26:53.778Z] [INFO] [+945.6s] ⚡ Rate limit: 11/20 remaining
[2026-01-29T14:26:54.221Z] [✓] [+946.0s]    ✓ Fetched 100 findings
[2026-01-29T14:26:54.222Z] [INFO] [+946.0s]    📈 Total so far: 18900 (37.4%)
[2026-01-29T14:26:57.731Z] [INFO] [+949.5s] 
📄 Fetching page 190/506...
[2026-01-29T14:26:58.418Z] [INFO] [+950.2s] ⚡ Rate limit: 10/20 remaining
[2026-01-29T14:26:58.477Z] [✓] [+950.3s]    ✓ Fetched 100 findings
[2026-01-29T14:26:58.479Z] [INFO] [+950.3s]    📈 Total so far: 19000 (37.6%)
[2026-01-29T14:27:01.984Z] [INFO] [+953.8s] 
📄 Fetching page 191/506...
[2026-01-29T14:27:02.781Z] [INFO] [+954.6s] ⚡ Rate limit: 9/20 remaining
[2026-01-29T14:27:03.261Z] [✓] [+955.1s]    ✓ Fetched 100 findings
[2026-01-29T14:27:03.262Z] [INFO] [+955.1s]    📈 Total so far: 19100 (37.8%)
[2026-01-29T14:27:06.765Z] [INFO] [+958.6s] 
📄 Fetching page 192/506...
[2026-01-29T14:27:07.552Z] [INFO] [+959.3s] ⚡ Rate limit: 8/20 remaining
[2026-01-29T14:27:08.002Z] [✓] [+959.8s]    ✓ Fetched 100 findings
[2026-01-29T14:27:08.004Z] [INFO] [+959.8s]    📈 Total so far: 19200 (38.0%)
[2026-01-29T14:27:11.513Z] [INFO] [+963.3s] 
📄 Fetching page 193/506...
[2026-01-29T14:27:12.309Z] [INFO] [+964.1s] ⚡ Rate limit: 7/20 remaining
[2026-01-29T14:27:12.916Z] [✓] [+964.7s]    ✓ Fetched 100 findings
[2026-01-29T14:27:12.918Z] [INFO] [+964.7s]    📈 Total so far: 19300 (38.2%)
[2026-01-29T14:27:16.427Z] [INFO] [+968.2s] 
📄 Fetching page 194/506...
[2026-01-29T14:27:17.319Z] [INFO] [+969.1s] ⚡ Rate limit: 19/20 remaining
[2026-01-29T14:27:17.910Z] [✓] [+969.7s]    ✓ Fetched 100 findings
[2026-01-29T14:27:17.911Z] [INFO] [+969.7s]    📈 Total so far: 19400 (38.4%)
[2026-01-29T14:27:21.416Z] [INFO] [+973.2s] 
📄 Fetching page 195/506...
[2026-01-29T14:27:22.184Z] [INFO] [+974.0s] ⚡ Rate limit: 18/20 remaining
[2026-01-29T14:27:22.831Z] [✓] [+974.6s]    ✓ Fetched 100 findings
[2026-01-29T14:27:22.832Z] [INFO] [+974.6s]    📈 Total so far: 19500 (38.6%)
[2026-01-29T14:27:26.344Z] [INFO] [+978.1s] 
📄 Fetching page 196/506...
[2026-01-29T14:27:27.058Z] [INFO] [+978.9s] ⚡ Rate limit: 17/20 remaining
[2026-01-29T14:27:27.313Z] [✓] [+979.1s]    ✓ Fetched 100 findings
[2026-01-29T14:27:27.314Z] [INFO] [+979.1s]    📈 Total so far: 19600 (38.8%)
[2026-01-29T14:27:30.821Z] [INFO] [+982.6s] 
📄 Fetching page 197/506...
[2026-01-29T14:27:31.552Z] [INFO] [+983.3s] ⚡ Rate limit: 16/20 remaining
[2026-01-29T14:27:31.977Z] [✓] [+983.8s]    ✓ Fetched 100 findings
[2026-01-29T14:27:31.979Z] [INFO] [+983.8s]    📈 Total so far: 19700 (39.0%)
[2026-01-29T14:27:35.481Z] [INFO] [+987.3s] 
📄 Fetching page 198/506...
[2026-01-29T14:27:36.403Z] [INFO] [+988.2s] ⚡ Rate limit: 15/20 remaining
[2026-01-29T14:27:36.833Z] [✓] [+988.6s]    ✓ Fetched 100 findings
[2026-01-29T14:27:36.835Z] [INFO] [+988.6s]    📈 Total so far: 19800 (39.2%)
[2026-01-29T14:27:40.339Z] [INFO] [+992.1s] 
📄 Fetching page 199/506...
[2026-01-29T14:27:41.406Z] [INFO] [+993.2s] ⚡ Rate limit: 14/20 remaining
[2026-01-29T14:27:41.979Z] [✓] [+993.8s]    ✓ Fetched 100 findings
[2026-01-29T14:27:41.981Z] [INFO] [+993.8s]    📈 Total so far: 19900 (39.4%)
[2026-01-29T14:27:45.491Z] [INFO] [+997.3s] 
📄 Fetching page 200/506...
[2026-01-29T14:27:46.290Z] [INFO] [+998.1s] ⚡ Rate limit: 13/20 remaining
[2026-01-29T14:27:46.731Z] [✓] [+998.5s]    ✓ Fetched 100 findings
[2026-01-29T14:27:46.732Z] [INFO] [+998.5s]    📈 Total so far: 20000 (39.6%)
[2026-01-29T14:27:48.803Z] [INFO] [+1000.6s] 💾 Checkpoint saved: Page 200, Total findings: 20000
[2026-01-29T14:27:52.310Z] [INFO] [+1004.1s] 
📄 Fetching page 201/506...
[2026-01-29T14:27:53.293Z] [INFO] [+1005.1s] ⚡ Rate limit: 12/20 remaining
[2026-01-29T14:27:53.682Z] [✓] [+1005.5s]    ✓ Fetched 100 findings
[2026-01-29T14:27:53.684Z] [INFO] [+1005.5s]    📈 Total so far: 20100 (39.8%)
[2026-01-29T14:27:57.194Z] [INFO] [+1009.0s] 
📄 Fetching page 202/506...
[2026-01-29T14:27:59.107Z] [INFO] [+1010.9s] ⚡ Rate limit: 11/20 remaining
[2026-01-29T14:27:59.333Z] [✓] [+1011.1s]    ✓ Fetched 100 findings
[2026-01-29T14:27:59.335Z] [INFO] [+1011.1s]    📈 Total so far: 20200 (40.0%)
[2026-01-29T14:28:02.838Z] [INFO] [+1014.6s] 
📄 Fetching page 203/506...
[2026-01-29T14:28:03.580Z] [INFO] [+1015.4s] ⚡ Rate limit: 10/20 remaining
[2026-01-29T14:28:04.173Z] [✓] [+1016.0s]    ✓ Fetched 100 findings
[2026-01-29T14:28:04.174Z] [INFO] [+1016.0s]    📈 Total so far: 20300 (40.2%)
[2026-01-29T14:28:07.688Z] [INFO] [+1019.5s] 
📄 Fetching page 204/506...
[2026-01-29T14:28:08.941Z] [INFO] [+1020.7s] ⚡ Rate limit: 9/20 remaining
[2026-01-29T14:28:09.240Z] [✓] [+1021.0s]    ✓ Fetched 100 findings
[2026-01-29T14:28:09.241Z] [INFO] [+1021.0s]    📈 Total so far: 20400 (40.4%)
[2026-01-29T14:28:12.757Z] [INFO] [+1024.6s] 
📄 Fetching page 205/506...
[2026-01-29T14:28:13.474Z] [INFO] [+1025.3s] ⚡ Rate limit: 8/20 remaining
[2026-01-29T14:28:13.577Z] [✓] [+1025.4s]    ✓ Fetched 100 findings
[2026-01-29T14:28:13.579Z] [INFO] [+1025.4s]    📈 Total so far: 20500 (40.6%)
[2026-01-29T14:28:17.088Z] [INFO] [+1028.9s] 
📄 Fetching page 206/506...
[2026-01-29T14:28:17.923Z] [INFO] [+1029.7s] ⚡ Rate limit: 19/20 remaining
[2026-01-29T14:28:18.901Z] [✓] [+1030.7s]    ✓ Fetched 100 findings
[2026-01-29T14:28:18.902Z] [INFO] [+1030.7s]    📈 Total so far: 20600 (40.8%)
[2026-01-29T14:28:22.406Z] [INFO] [+1034.2s] 
📄 Fetching page 207/506...
[2026-01-29T14:28:23.485Z] [INFO] [+1035.3s] ⚡ Rate limit: 18/20 remaining
[2026-01-29T14:28:24.061Z] [✓] [+1035.9s]    ✓ Fetched 100 findings
[2026-01-29T14:28:24.063Z] [INFO] [+1035.9s]    📈 Total so far: 20700 (41.0%)
[2026-01-29T14:28:27.575Z] [INFO] [+1039.4s] 
📄 Fetching page 208/506...
[2026-01-29T14:28:28.247Z] [INFO] [+1040.0s] ⚡ Rate limit: 17/20 remaining
[2026-01-29T14:28:28.304Z] [✓] [+1040.1s]    ✓ Fetched 100 findings
[2026-01-29T14:28:28.305Z] [INFO] [+1040.1s]    📈 Total so far: 20800 (41.2%)
[2026-01-29T14:28:31.812Z] [INFO] [+1043.6s] 
📄 Fetching page 209/506...
[2026-01-29T14:28:32.830Z] [INFO] [+1044.6s] ⚡ Rate limit: 16/20 remaining
[2026-01-29T14:28:33.124Z] [✓] [+1044.9s]    ✓ Fetched 100 findings
[2026-01-29T14:28:33.125Z] [INFO] [+1044.9s]    📈 Total so far: 20900 (41.4%)
[2026-01-29T14:28:36.630Z] [INFO] [+1048.4s] 
📄 Fetching page 210/506...
[2026-01-29T14:28:37.421Z] [INFO] [+1049.2s] ⚡ Rate limit: 15/20 remaining
[2026-01-29T14:28:38.159Z] [✓] [+1050.0s]    ✓ Fetched 100 findings
[2026-01-29T14:28:38.161Z] [INFO] [+1050.0s]    📈 Total so far: 21000 (41.6%)
[2026-01-29T14:28:41.665Z] [INFO] [+1053.5s] 
📄 Fetching page 211/506...
[2026-01-29T14:28:42.452Z] [INFO] [+1054.2s] ⚡ Rate limit: 14/20 remaining
[2026-01-29T14:28:43.278Z] [✓] [+1055.1s]    ✓ Fetched 100 findings
[2026-01-29T14:28:43.279Z] [INFO] [+1055.1s]    📈 Total so far: 21100 (41.8%)
[2026-01-29T14:28:46.781Z] [INFO] [+1058.6s] 
📄 Fetching page 212/506...
[2026-01-29T14:28:47.560Z] [INFO] [+1059.4s] ⚡ Rate limit: 13/20 remaining
[2026-01-29T14:28:48.648Z] [✓] [+1060.4s]    ✓ Fetched 100 findings
[2026-01-29T14:28:48.649Z] [INFO] [+1060.4s]    📈 Total so far: 21200 (42.0%)
[2026-01-29T14:28:52.151Z] [INFO] [+1063.9s] 
📄 Fetching page 213/506...
[2026-01-29T14:28:52.966Z] [INFO] [+1064.8s] ⚡ Rate limit: 12/20 remaining
[2026-01-29T14:28:53.405Z] [✓] [+1065.2s]    ✓ Fetched 100 findings
[2026-01-29T14:28:53.406Z] [INFO] [+1065.2s]    📈 Total so far: 21300 (42.2%)
[2026-01-29T14:28:56.919Z] [INFO] [+1068.7s] 
📄 Fetching page 214/506...
[2026-01-29T14:28:57.849Z] [INFO] [+1069.6s] ⚡ Rate limit: 11/20 remaining
[2026-01-29T14:28:58.296Z] [✓] [+1070.1s]    ✓ Fetched 100 findings
[2026-01-29T14:28:58.299Z] [INFO] [+1070.1s]    📈 Total so far: 21400 (42.4%)
[2026-01-29T14:29:01.814Z] [INFO] [+1073.6s] 
📄 Fetching page 215/506...
[2026-01-29T14:29:02.600Z] [INFO] [+1074.4s] ⚡ Rate limit: 10/20 remaining
[2026-01-29T14:29:03.435Z] [✓] [+1075.2s]    ✓ Fetched 100 findings
[2026-01-29T14:29:03.437Z] [INFO] [+1075.2s]    📈 Total so far: 21500 (42.5%)
[2026-01-29T14:29:06.951Z] [INFO] [+1078.7s] 
📄 Fetching page 216/506...
[2026-01-29T14:29:07.825Z] [INFO] [+1079.6s] ⚡ Rate limit: 9/20 remaining
[2026-01-29T14:29:08.659Z] [✓] [+1080.5s]    ✓ Fetched 100 findings
[2026-01-29T14:29:08.666Z] [INFO] [+1080.5s]    📈 Total so far: 21600 (42.7%)
[2026-01-29T14:29:12.194Z] [INFO] [+1084.0s] 
📄 Fetching page 217/506...
[2026-01-29T14:29:13.295Z] [INFO] [+1085.1s] ⚡ Rate limit: 8/20 remaining
[2026-01-29T14:29:13.928Z] [✓] [+1085.7s]    ✓ Fetched 100 findings
[2026-01-29T14:29:13.932Z] [INFO] [+1085.7s]    📈 Total so far: 21700 (42.9%)
[2026-01-29T14:29:17.455Z] [INFO] [+1089.3s] 
📄 Fetching page 218/506...
[2026-01-29T14:29:18.266Z] [INFO] [+1090.1s] ⚡ Rate limit: 19/20 remaining
[2026-01-29T14:29:19.106Z] [✓] [+1090.9s]    ✓ Fetched 100 findings
[2026-01-29T14:29:19.118Z] [INFO] [+1090.9s]    📈 Total so far: 21800 (43.1%)
[2026-01-29T14:29:22.656Z] [INFO] [+1094.5s] 
📄 Fetching page 219/506...
[2026-01-29T14:29:23.334Z] [INFO] [+1095.1s] ⚡ Rate limit: 18/20 remaining
[2026-01-29T14:29:23.961Z] [✓] [+1095.8s]    ✓ Fetched 100 findings
[2026-01-29T14:29:23.963Z] [INFO] [+1095.8s]    📈 Total so far: 21900 (43.3%)
[2026-01-29T14:29:27.481Z] [INFO] [+1099.3s] 
📄 Fetching page 220/506...
[2026-01-29T14:29:28.232Z] [INFO] [+1100.0s] ⚡ Rate limit: 17/20 remaining
[2026-01-29T14:29:28.868Z] [✓] [+1100.7s]    ✓ Fetched 100 findings
[2026-01-29T14:29:28.874Z] [INFO] [+1100.7s]    📈 Total so far: 22000 (43.5%)
[2026-01-29T14:29:32.396Z] [INFO] [+1104.2s] 
📄 Fetching page 221/506...
[2026-01-29T14:29:33.149Z] [INFO] [+1104.9s] ⚡ Rate limit: 16/20 remaining
[2026-01-29T14:29:33.659Z] [✓] [+1105.5s]    ✓ Fetched 100 findings
[2026-01-29T14:29:33.670Z] [INFO] [+1105.5s]    📈 Total so far: 22100 (43.7%)
[2026-01-29T14:29:37.185Z] [INFO] [+1109.0s] 
📄 Fetching page 222/506...
[2026-01-29T14:29:38.049Z] [INFO] [+1109.8s] ⚡ Rate limit: 15/20 remaining
[2026-01-29T14:29:38.602Z] [✓] [+1110.4s]    ✓ Fetched 100 findings
[2026-01-29T14:29:38.605Z] [INFO] [+1110.4s]    📈 Total so far: 22200 (43.9%)
[2026-01-29T14:29:42.128Z] [INFO] [+1113.9s] 
📄 Fetching page 223/506...
[2026-01-29T14:29:42.955Z] [INFO] [+1114.8s] ⚡ Rate limit: 14/20 remaining
[2026-01-29T14:29:43.276Z] [✓] [+1115.1s]    ✓ Fetched 100 findings
[2026-01-29T14:29:43.279Z] [INFO] [+1115.1s]    📈 Total so far: 22300 (44.1%)
[2026-01-29T14:29:46.795Z] [INFO] [+1118.6s] 
📄 Fetching page 224/506...
[2026-01-29T14:29:47.543Z] [INFO] [+1119.3s] ⚡ Rate limit: 13/20 remaining
[2026-01-29T14:29:48.014Z] [✓] [+1119.8s]    ✓ Fetched 100 findings
[2026-01-29T14:29:48.020Z] [INFO] [+1119.8s]    📈 Total so far: 22400 (44.3%)
[2026-01-29T14:29:51.527Z] [INFO] [+1123.3s] 
📄 Fetching page 225/506...
[2026-01-29T14:29:52.300Z] [INFO] [+1124.1s] ⚡ Rate limit: 12/20 remaining
[2026-01-29T14:29:53.054Z] [✓] [+1124.9s]    ✓ Fetched 100 findings
[2026-01-29T14:29:53.059Z] [INFO] [+1124.9s]    📈 Total so far: 22500 (44.5%)
[2026-01-29T14:29:56.570Z] [INFO] [+1128.4s] 
📄 Fetching page 226/506...
[2026-01-29T14:29:57.572Z] [INFO] [+1129.4s] ⚡ Rate limit: 11/20 remaining
[2026-01-29T14:29:58.147Z] [✓] [+1129.9s]    ✓ Fetched 100 findings
[2026-01-29T14:29:58.150Z] [INFO] [+1129.9s]    📈 Total so far: 22600 (44.7%)
[2026-01-29T14:30:01.668Z] [INFO] [+1133.5s] 
📄 Fetching page 227/506...
[2026-01-29T14:30:02.443Z] [INFO] [+1134.2s] ⚡ Rate limit: 10/20 remaining
[2026-01-29T14:30:03.275Z] [✓] [+1135.1s]    ✓ Fetched 100 findings
[2026-01-29T14:30:03.281Z] [INFO] [+1135.1s]    📈 Total so far: 22700 (44.9%)
[2026-01-29T14:30:06.786Z] [INFO] [+1138.6s] 
📄 Fetching page 228/506...
[2026-01-29T14:30:07.815Z] [INFO] [+1139.6s] ⚡ Rate limit: 9/20 remaining
[2026-01-29T14:30:08.248Z] [✓] [+1140.0s]    ✓ Fetched 100 findings
[2026-01-29T14:30:08.252Z] [INFO] [+1140.0s]    📈 Total so far: 22800 (45.1%)
[2026-01-29T14:30:11.761Z] [INFO] [+1143.6s] 
📄 Fetching page 229/506...
[2026-01-29T14:30:13.209Z] [INFO] [+1145.0s] ⚡ Rate limit: 8/20 remaining
[2026-01-29T14:30:14.756Z] [✓] [+1146.6s]    ✓ Fetched 100 findings
[2026-01-29T14:30:14.803Z] [INFO] [+1146.6s]    📈 Total so far: 22900 (45.3%)
[2026-01-29T14:30:18.389Z] [INFO] [+1150.2s] 
📄 Fetching page 230/506...
[2026-01-29T14:30:19.180Z] [INFO] [+1151.0s] ⚡ Rate limit: 19/20 remaining
[2026-01-29T14:30:20.112Z] [✓] [+1151.9s]    ✓ Fetched 100 findings
[2026-01-29T14:30:20.120Z] [INFO] [+1151.9s]    📈 Total so far: 23000 (45.5%)
[2026-01-29T14:30:23.640Z] [INFO] [+1155.4s] 
📄 Fetching page 231/506...
[2026-01-29T14:30:24.654Z] [INFO] [+1156.5s] ⚡ Rate limit: 18/20 remaining
[2026-01-29T14:30:25.629Z] [✓] [+1157.4s]    ✓ Fetched 100 findings
[2026-01-29T14:30:25.633Z] [INFO] [+1157.4s]    📈 Total so far: 23100 (45.7%)
[2026-01-29T14:30:29.143Z] [INFO] [+1160.9s] 
📄 Fetching page 232/506...
[2026-01-29T14:30:30.363Z] [INFO] [+1162.2s] ⚡ Rate limit: 17/20 remaining
[2026-01-29T14:30:30.810Z] [✓] [+1162.6s]    ✓ Fetched 100 findings
[2026-01-29T14:30:30.816Z] [INFO] [+1162.6s]    📈 Total so far: 23200 (45.9%)
[2026-01-29T14:30:34.330Z] [INFO] [+1166.1s] 
📄 Fetching page 233/506...
[2026-01-29T14:30:35.132Z] [INFO] [+1166.9s] ⚡ Rate limit: 16/20 remaining
[2026-01-29T14:30:35.754Z] [✓] [+1167.6s]    ✓ Fetched 100 findings
[2026-01-29T14:30:35.760Z] [INFO] [+1167.6s]    📈 Total so far: 23300 (46.1%)
[2026-01-29T14:30:39.312Z] [INFO] [+1171.1s] 
📄 Fetching page 234/506...
[2026-01-29T14:30:40.513Z] [INFO] [+1172.3s] ⚡ Rate limit: 15/20 remaining
[2026-01-29T14:30:41.322Z] [✓] [+1173.1s]    ✓ Fetched 100 findings
[2026-01-29T14:30:41.327Z] [INFO] [+1173.1s]    📈 Total so far: 23400 (46.3%)
[2026-01-29T14:30:44.840Z] [INFO] [+1176.6s] 
📄 Fetching page 235/506...
[2026-01-29T14:30:45.689Z] [INFO] [+1177.5s] ⚡ Rate limit: 14/20 remaining
[2026-01-29T14:30:46.123Z] [✓] [+1177.9s]    ✓ Fetched 100 findings
[2026-01-29T14:30:46.128Z] [INFO] [+1177.9s]    📈 Total so far: 23500 (46.5%)
[2026-01-29T14:30:49.648Z] [INFO] [+1181.4s] 
📄 Fetching page 236/506...
[2026-01-29T14:30:50.436Z] [INFO] [+1182.2s] ⚡ Rate limit: 13/20 remaining
[2026-01-29T14:30:50.796Z] [✓] [+1182.6s]    ✓ Fetched 100 findings
[2026-01-29T14:30:50.800Z] [INFO] [+1182.6s]    📈 Total so far: 23600 (46.7%)
[2026-01-29T14:30:54.310Z] [INFO] [+1186.1s] 
📄 Fetching page 237/506...
[2026-01-29T14:30:55.126Z] [INFO] [+1186.9s] ⚡ Rate limit: 12/20 remaining
[2026-01-29T14:30:55.667Z] [✓] [+1187.5s]    ✓ Fetched 100 findings
[2026-01-29T14:30:55.676Z] [INFO] [+1187.5s]    📈 Total so far: 23700 (46.9%)
[2026-01-29T14:30:59.191Z] [INFO] [+1191.0s] 
📄 Fetching page 238/506...
[2026-01-29T14:31:00.039Z] [INFO] [+1191.8s] ⚡ Rate limit: 11/20 remaining
[2026-01-29T14:31:00.745Z] [✓] [+1192.5s]    ✓ Fetched 100 findings
[2026-01-29T14:31:00.749Z] [INFO] [+1192.5s]    📈 Total so far: 23800 (47.1%)
[2026-01-29T14:31:04.274Z] [INFO] [+1196.1s] 
📄 Fetching page 239/506...
[2026-01-29T14:31:05.186Z] [INFO] [+1197.0s] ⚡ Rate limit: 10/20 remaining
[2026-01-29T14:31:06.911Z] [✓] [+1198.7s]    ✓ Fetched 100 findings
[2026-01-29T14:31:06.915Z] [INFO] [+1198.7s]    📈 Total so far: 23900 (47.3%)
[2026-01-29T14:31:10.436Z] [INFO] [+1202.2s] 
📄 Fetching page 240/506...
[2026-01-29T14:31:11.279Z] [INFO] [+1203.1s] ⚡ Rate limit: 9/20 remaining
[2026-01-29T14:31:11.691Z] [✓] [+1203.5s]    ✓ Fetched 100 findings
[2026-01-29T14:31:11.697Z] [INFO] [+1203.5s]    📈 Total so far: 24000 (47.5%)
[2026-01-29T14:31:15.851Z] [INFO] [+1207.6s] 
📄 Fetching page 241/506...
[2026-01-29T14:31:18.299Z] [INFO] [+1210.1s] ⚡ Rate limit: 8/20 remaining
[2026-01-29T14:31:18.890Z] [✓] [+1210.7s]    ✓ Fetched 100 findings
[2026-01-29T14:31:18.896Z] [INFO] [+1210.7s]    📈 Total so far: 24100 (47.7%)
[2026-01-29T14:31:22.431Z] [INFO] [+1214.2s] 
📄 Fetching page 242/506...
[2026-01-29T14:31:23.373Z] [INFO] [+1215.2s] ⚡ Rate limit: 19/20 remaining
[2026-01-29T14:31:27.896Z] [✓] [+1219.7s]    ✓ Fetched 100 findings
[2026-01-29T14:31:29.279Z] [INFO] [+1221.1s]    📈 Total so far: 24200 (47.9%)
[2026-01-29T14:31:33.009Z] [INFO] [+1224.8s] 
📄 Fetching page 243/506...
[2026-01-29T14:31:34.792Z] [INFO] [+1226.6s] ⚡ Rate limit: 18/20 remaining
[2026-01-29T14:31:35.267Z] [✓] [+1227.1s]    ✓ Fetched 100 findings
[2026-01-29T14:31:35.272Z] [INFO] [+1227.1s]    📈 Total so far: 24300 (48.1%)
[2026-01-29T14:31:38.786Z] [INFO] [+1230.6s] 
📄 Fetching page 244/506...
[2026-01-29T14:31:39.750Z] [INFO] [+1231.5s] ⚡ Rate limit: 17/20 remaining
[2026-01-29T14:31:40.217Z] [✓] [+1232.0s]    ✓ Fetched 100 findings
[2026-01-29T14:31:40.223Z] [INFO] [+1232.0s]    📈 Total so far: 24400 (48.3%)
[2026-01-29T14:31:43.737Z] [INFO] [+1235.5s] 
📄 Fetching page 245/506...
[2026-01-29T14:31:44.780Z] [INFO] [+1236.6s] ⚡ Rate limit: 16/20 remaining
[2026-01-29T14:31:45.051Z] [✓] [+1236.8s]    ✓ Fetched 100 findings
[2026-01-29T14:31:45.057Z] [INFO] [+1236.9s]    📈 Total so far: 24500 (48.5%)
[2026-01-29T14:31:48.581Z] [INFO] [+1240.4s] 
📄 Fetching page 246/506...
[2026-01-29T14:31:49.392Z] [INFO] [+1241.2s] ⚡ Rate limit: 15/20 remaining
[2026-01-29T14:31:49.829Z] [✓] [+1241.6s]    ✓ Fetched 100 findings
[2026-01-29T14:31:49.843Z] [INFO] [+1241.6s]    📈 Total so far: 24600 (48.7%)
[2026-01-29T14:31:53.368Z] [INFO] [+1245.2s] 
📄 Fetching page 247/506...
[2026-01-29T14:31:54.504Z] [INFO] [+1246.3s] ⚡ Rate limit: 14/20 remaining
[2026-01-29T14:31:55.155Z] [✓] [+1247.0s]    ✓ Fetched 100 findings
[2026-01-29T14:31:55.161Z] [INFO] [+1247.0s]    📈 Total so far: 24700 (48.9%)
[2026-01-29T14:31:58.675Z] [INFO] [+1250.5s] 
📄 Fetching page 248/506...
[2026-01-29T14:31:59.524Z] [INFO] [+1251.3s] ⚡ Rate limit: 13/20 remaining
[2026-01-29T14:32:00.231Z] [✓] [+1252.0s]    ✓ Fetched 100 findings
[2026-01-29T14:32:00.236Z] [INFO] [+1252.0s]    📈 Total so far: 24800 (49.1%)
[2026-01-29T14:32:03.758Z] [INFO] [+1255.6s] 
📄 Fetching page 249/506...
[2026-01-29T14:32:04.652Z] [INFO] [+1256.4s] ⚡ Rate limit: 12/20 remaining
[2026-01-29T14:32:05.296Z] [✓] [+1257.1s]    ✓ Fetched 100 findings
[2026-01-29T14:32:05.305Z] [INFO] [+1257.1s]    📈 Total so far: 24900 (49.3%)
[2026-01-29T14:32:08.818Z] [INFO] [+1260.6s] 
📄 Fetching page 250/506...
[2026-01-29T14:32:09.859Z] [INFO] [+1261.7s] ⚡ Rate limit: 11/20 remaining
[2026-01-29T14:32:10.496Z] [✓] [+1262.3s]    ✓ Fetched 100 findings
[2026-01-29T14:32:10.508Z] [INFO] [+1262.3s]    📈 Total so far: 25000 (49.5%)
[2026-01-29T14:32:39.208Z] [INFO] [+1291.0s] 💾 Checkpoint saved: Page 250, Total findings: 25000
[2026-01-29T14:32:42.748Z] [INFO] [+1294.5s] 
📄 Fetching page 251/506...
[2026-01-29T14:32:44.565Z] [INFO] [+1296.4s] ⚡ Rate limit: 19/20 remaining
[2026-01-29T14:32:47.519Z] [✓] [+1299.3s]    ✓ Fetched 100 findings
[2026-01-29T14:32:47.549Z] [INFO] [+1299.3s]    📈 Total so far: 25100 (49.7%)
[2026-01-29T14:32:51.057Z] [INFO] [+1302.9s] 
📄 Fetching page 252/506...
[2026-01-29T14:32:52.286Z] [INFO] [+1304.1s] ⚡ Rate limit: 18/20 remaining
[2026-01-29T14:32:52.782Z] [✓] [+1304.6s]    ✓ Fetched 100 findings
[2026-01-29T14:32:52.788Z] [INFO] [+1304.6s]    📈 Total so far: 25200 (49.9%)
[2026-01-29T14:32:56.316Z] [INFO] [+1308.1s] 
📄 Fetching page 253/506...
[2026-01-29T14:32:57.230Z] [INFO] [+1309.0s] ⚡ Rate limit: 17/20 remaining
[2026-01-29T14:32:57.530Z] [✓] [+1309.3s]    ✓ Fetched 100 findings
[2026-01-29T14:32:57.536Z] [INFO] [+1309.3s]    📈 Total so far: 25300 (50.1%)
[2026-01-29T14:33:01.061Z] [INFO] [+1312.9s] 
📄 Fetching page 254/506...
[2026-01-29T14:33:01.883Z] [INFO] [+1313.7s] ⚡ Rate limit: 16/20 remaining
[2026-01-29T14:33:02.142Z] [✓] [+1313.9s]    ✓ Fetched 100 findings
[2026-01-29T14:33:02.149Z] [INFO] [+1313.9s]    📈 Total so far: 25400 (50.3%)
[2026-01-29T14:33:05.654Z] [INFO] [+1317.5s] 
📄 Fetching page 255/506...
[2026-01-29T14:33:07.066Z] [INFO] [+1318.9s] ⚡ Rate limit: 15/20 remaining
[2026-01-29T14:33:07.719Z] [✓] [+1319.5s]    ✓ Fetched 100 findings
[2026-01-29T14:33:07.723Z] [INFO] [+1319.5s]    📈 Total so far: 25500 (50.5%)
[2026-01-29T14:33:11.245Z] [INFO] [+1323.0s] 
📄 Fetching page 256/506...
[2026-01-29T14:33:12.720Z] [INFO] [+1324.5s] ⚡ Rate limit: 14/20 remaining
[2026-01-29T14:33:14.539Z] [✓] [+1326.3s]    ✓ Fetched 100 findings
[2026-01-29T14:33:14.710Z] [INFO] [+1326.5s]    📈 Total so far: 25600 (50.7%)
[2026-01-29T14:33:18.501Z] [INFO] [+1330.3s] 
📄 Fetching page 257/506...
[2026-01-29T14:33:20.070Z] [INFO] [+1331.9s] ⚡ Rate limit: 13/20 remaining
[2026-01-29T14:33:20.701Z] [✓] [+1332.5s]    ✓ Fetched 100 findings
[2026-01-29T14:33:20.719Z] [INFO] [+1332.5s]    📈 Total so far: 25700 (50.9%)
[2026-01-29T14:33:24.266Z] [INFO] [+1336.1s] 
📄 Fetching page 258/506...
[2026-01-29T14:33:25.180Z] [INFO] [+1337.0s] ⚡ Rate limit: 12/20 remaining
[2026-01-29T14:33:25.786Z] [✓] [+1337.6s]    ✓ Fetched 100 findings
[2026-01-29T14:33:25.798Z] [INFO] [+1337.6s]    📈 Total so far: 25800 (51.1%)
[2026-01-29T14:33:29.335Z] [INFO] [+1341.1s] 
📄 Fetching page 259/506...
[2026-01-29T14:33:30.165Z] [INFO] [+1342.0s] ⚡ Rate limit: 11/20 remaining
[2026-01-29T14:33:30.637Z] [✓] [+1342.4s]    ✓ Fetched 100 findings
[2026-01-29T14:33:30.651Z] [INFO] [+1342.4s]    📈 Total so far: 25900 (51.3%)
[2026-01-29T14:33:34.194Z] [INFO] [+1346.0s] 
📄 Fetching page 260/506...
[2026-01-29T14:33:35.111Z] [INFO] [+1346.9s] ⚡ Rate limit: 10/20 remaining
[2026-01-29T14:33:35.738Z] [✓] [+1347.5s]    ✓ Fetched 100 findings
[2026-01-29T14:33:35.747Z] [INFO] [+1347.5s]    📈 Total so far: 26000 (51.5%)
[2026-01-29T14:33:39.259Z] [INFO] [+1351.1s] 
📄 Fetching page 261/506...
[2026-01-29T14:33:40.038Z] [INFO] [+1351.8s] ⚡ Rate limit: 9/20 remaining
[2026-01-29T14:33:40.681Z] [✓] [+1352.5s]    ✓ Fetched 100 findings
[2026-01-29T14:33:40.691Z] [INFO] [+1352.5s]    📈 Total so far: 26100 (51.7%)
[2026-01-29T14:33:44.211Z] [INFO] [+1356.0s] 
📄 Fetching page 262/506...
[2026-01-29T14:33:45.090Z] [INFO] [+1356.9s] ⚡ Rate limit: 19/20 remaining
[2026-01-29T14:33:45.818Z] [✓] [+1357.6s]    ✓ Fetched 100 findings
[2026-01-29T14:33:45.829Z] [INFO] [+1357.6s]    📈 Total so far: 26200 (51.9%)
[2026-01-29T14:33:49.350Z] [INFO] [+1361.1s] 
📄 Fetching page 263/506...
[2026-01-29T14:33:50.156Z] [INFO] [+1362.0s] ⚡ Rate limit: 18/20 remaining
[2026-01-29T14:33:50.744Z] [✓] [+1362.5s]    ✓ Fetched 100 findings
[2026-01-29T14:33:50.797Z] [INFO] [+1362.6s]    📈 Total so far: 26300 (52.0%)
[2026-01-29T14:33:54.321Z] [INFO] [+1366.1s] 
📄 Fetching page 264/506...
[2026-01-29T14:33:55.539Z] [INFO] [+1367.3s] ⚡ Rate limit: 17/20 remaining
[2026-01-29T14:33:56.154Z] [✓] [+1368.0s]    ✓ Fetched 100 findings
[2026-01-29T14:33:56.165Z] [INFO] [+1368.0s]    📈 Total so far: 26400 (52.2%)
[2026-01-29T14:33:59.700Z] [INFO] [+1371.5s] 
📄 Fetching page 265/506...
[2026-01-29T14:34:01.210Z] [INFO] [+1373.0s] ⚡ Rate limit: 16/20 remaining
[2026-01-29T14:34:01.830Z] [✓] [+1373.6s]    ✓ Fetched 100 findings
[2026-01-29T14:34:01.833Z] [INFO] [+1373.6s]    📈 Total so far: 26500 (52.4%)
[2026-01-29T14:34:05.345Z] [INFO] [+1377.1s] 
📄 Fetching page 266/506...
[2026-01-29T14:34:06.120Z] [INFO] [+1377.9s] ⚡ Rate limit: 15/20 remaining
[2026-01-29T14:34:06.790Z] [✓] [+1378.6s]    ✓ Fetched 100 findings
[2026-01-29T14:34:06.798Z] [INFO] [+1378.6s]    📈 Total so far: 26600 (52.6%)
[2026-01-29T14:34:10.322Z] [INFO] [+1382.1s] 
📄 Fetching page 267/506...
[2026-01-29T14:34:11.125Z] [INFO] [+1382.9s] ⚡ Rate limit: 14/20 remaining
[2026-01-29T14:34:11.463Z] [✓] [+1383.3s]    ✓ Fetched 100 findings
[2026-01-29T14:34:11.512Z] [INFO] [+1383.3s]    📈 Total so far: 26700 (52.8%)
[2026-01-29T14:34:15.042Z] [INFO] [+1386.8s] 
📄 Fetching page 268/506...
[2026-01-29T14:34:15.903Z] [INFO] [+1387.7s] ⚡ Rate limit: 13/20 remaining
[2026-01-29T14:34:16.672Z] [✓] [+1388.5s]    ✓ Fetched 100 findings
[2026-01-29T14:34:16.678Z] [INFO] [+1388.5s]    📈 Total so far: 26800 (53.0%)
[2026-01-29T14:34:20.188Z] [INFO] [+1392.0s] 
📄 Fetching page 269/506...
[2026-01-29T14:34:21.040Z] [INFO] [+1392.8s] ⚡ Rate limit: 12/20 remaining
[2026-01-29T14:34:21.599Z] [✓] [+1393.4s]    ✓ Fetched 100 findings
[2026-01-29T14:34:21.624Z] [INFO] [+1393.4s]    📈 Total so far: 26900 (53.2%)
[2026-01-29T14:34:25.143Z] [INFO] [+1396.9s] 
📄 Fetching page 270/506...
[2026-01-29T14:34:26.453Z] [INFO] [+1398.3s] ⚡ Rate limit: 11/20 remaining
[2026-01-29T14:34:27.135Z] [✓] [+1398.9s]    ✓ Fetched 100 findings
[2026-01-29T14:34:27.140Z] [INFO] [+1398.9s]    📈 Total so far: 27000 (53.4%)
[2026-01-29T14:34:30.684Z] [INFO] [+1402.5s] 
📄 Fetching page 271/506...
[2026-01-29T14:34:31.741Z] [INFO] [+1403.5s] ⚡ Rate limit: 10/20 remaining
[2026-01-29T14:34:32.167Z] [✓] [+1404.0s]    ✓ Fetched 100 findings
[2026-01-29T14:34:32.172Z] [INFO] [+1404.0s]    📈 Total so far: 27100 (53.6%)
[2026-01-29T14:34:35.690Z] [INFO] [+1407.5s] 
📄 Fetching page 272/506...
[2026-01-29T14:34:36.723Z] [INFO] [+1408.5s] ⚡ Rate limit: 9/20 remaining
[2026-01-29T14:34:37.461Z] [✓] [+1409.3s]    ✓ Fetched 100 findings
[2026-01-29T14:34:37.489Z] [INFO] [+1409.3s]    📈 Total so far: 27200 (53.8%)
[2026-01-29T14:34:41.048Z] [INFO] [+1412.8s] 
📄 Fetching page 273/506...
[2026-01-29T14:34:41.870Z] [INFO] [+1413.7s] ⚡ Rate limit: 8/20 remaining
[2026-01-29T14:34:42.480Z] [✓] [+1414.3s]    ✓ Fetched 100 findings
[2026-01-29T14:34:42.486Z] [INFO] [+1414.3s]    📈 Total so far: 27300 (54.0%)
[2026-01-29T14:34:46.009Z] [INFO] [+1417.8s] 
📄 Fetching page 274/506...
[2026-01-29T14:34:47.061Z] [INFO] [+1418.9s] ⚡ Rate limit: 19/20 remaining
[2026-01-29T14:34:48.370Z] [✓] [+1420.2s]    ✓ Fetched 100 findings
[2026-01-29T14:34:48.379Z] [INFO] [+1420.2s]    📈 Total so far: 27400 (54.2%)
[2026-01-29T14:34:51.900Z] [INFO] [+1423.7s] 
📄 Fetching page 275/506...
[2026-01-29T14:34:53.062Z] [INFO] [+1424.9s] ⚡ Rate limit: 18/20 remaining
[2026-01-29T14:34:53.519Z] [✓] [+1425.3s]    ✓ Fetched 100 findings
[2026-01-29T14:34:53.523Z] [INFO] [+1425.3s]    📈 Total so far: 27500 (54.4%)
[2026-01-29T14:34:57.044Z] [INFO] [+1428.8s] 
📄 Fetching page 276/506...
[2026-01-29T14:34:57.868Z] [INFO] [+1429.7s] ⚡ Rate limit: 17/20 remaining
[2026-01-29T14:34:58.502Z] [✓] [+1430.3s]    ✓ Fetched 100 findings
[2026-01-29T14:34:58.506Z] [INFO] [+1430.3s]    📈 Total so far: 27600 (54.6%)
[2026-01-29T14:35:02.014Z] [INFO] [+1433.8s] 
📄 Fetching page 277/506...
[2026-01-29T14:35:02.840Z] [INFO] [+1434.6s] ⚡ Rate limit: 16/20 remaining
[2026-01-29T14:35:03.474Z] [✓] [+1435.3s]    ✓ Fetched 100 findings
[2026-01-29T14:35:03.478Z] [INFO] [+1435.3s]    📈 Total so far: 27700 (54.8%)
[2026-01-29T14:35:06.991Z] [INFO] [+1438.8s] 
📄 Fetching page 278/506...
[2026-01-29T14:35:07.779Z] [INFO] [+1439.6s] ⚡ Rate limit: 15/20 remaining
[2026-01-29T14:35:08.223Z] [✓] [+1440.0s]    ✓ Fetched 100 findings
[2026-01-29T14:35:08.231Z] [INFO] [+1440.0s]    📈 Total so far: 27800 (55.0%)
[2026-01-29T14:35:11.742Z] [INFO] [+1443.5s] 
📄 Fetching page 279/506...
[2026-01-29T14:35:12.831Z] [INFO] [+1444.6s] ⚡ Rate limit: 14/20 remaining
[2026-01-29T14:35:13.819Z] [✓] [+1445.6s]    ✓ Fetched 100 findings
[2026-01-29T14:35:13.864Z] [INFO] [+1445.7s]    📈 Total so far: 27900 (55.2%)
[2026-01-29T14:35:17.416Z] [INFO] [+1449.2s] 
📄 Fetching page 280/506...
[2026-01-29T14:35:18.248Z] [INFO] [+1450.1s] ⚡ Rate limit: 13/20 remaining
[2026-01-29T14:35:18.974Z] [✓] [+1450.8s]    ✓ Fetched 100 findings
[2026-01-29T14:35:18.991Z] [INFO] [+1450.8s]    📈 Total so far: 28000 (55.4%)
[2026-01-29T14:35:22.523Z] [INFO] [+1454.3s] 
📄 Fetching page 281/506...
[2026-01-29T14:35:24.705Z] [INFO] [+1456.5s] ⚡ Rate limit: 12/20 remaining
[2026-01-29T14:35:26.319Z] [✓] [+1458.1s]    ✓ Fetched 100 findings
[2026-01-29T14:35:26.349Z] [INFO] [+1458.1s]    📈 Total so far: 28100 (55.6%)
[2026-01-29T14:35:29.894Z] [INFO] [+1461.7s] 
📄 Fetching page 282/506...
[2026-01-29T14:35:31.484Z] [INFO] [+1463.3s] ⚡ Rate limit: 11/20 remaining
[2026-01-29T14:35:32.137Z] [✓] [+1463.9s]    ✓ Fetched 100 findings
[2026-01-29T14:35:32.143Z] [INFO] [+1463.9s]    📈 Total so far: 28200 (55.8%)
[2026-01-29T14:35:35.657Z] [INFO] [+1467.5s] 
📄 Fetching page 283/506...
[2026-01-29T14:35:36.566Z] [INFO] [+1468.4s] ⚡ Rate limit: 10/20 remaining
[2026-01-29T14:35:37.164Z] [✓] [+1469.0s]    ✓ Fetched 100 findings
[2026-01-29T14:35:37.168Z] [INFO] [+1469.0s]    📈 Total so far: 28300 (56.0%)
[2026-01-29T14:35:40.673Z] [INFO] [+1472.5s] 
📄 Fetching page 284/506...
[2026-01-29T14:35:41.455Z] [INFO] [+1473.3s] ⚡ Rate limit: 9/20 remaining
[2026-01-29T14:35:42.151Z] [✓] [+1473.9s]    ✓ Fetched 100 findings
[2026-01-29T14:35:42.160Z] [INFO] [+1474.0s]    📈 Total so far: 28400 (56.2%)
[2026-01-29T14:35:45.678Z] [INFO] [+1477.5s] 
📄 Fetching page 285/506...
[2026-01-29T14:35:46.479Z] [INFO] [+1478.3s] ⚡ Rate limit: 8/20 remaining
[2026-01-29T14:35:47.078Z] [✓] [+1478.9s]    ✓ Fetched 100 findings
[2026-01-29T14:35:47.083Z] [INFO] [+1478.9s]    📈 Total so far: 28500 (56.4%)
[2026-01-29T14:35:50.588Z] [INFO] [+1482.4s] 
📄 Fetching page 286/506...
[2026-01-29T14:35:51.610Z] [INFO] [+1483.4s] ⚡ Rate limit: 19/20 remaining
[2026-01-29T14:35:52.265Z] [✓] [+1484.1s]    ✓ Fetched 100 findings
[2026-01-29T14:35:52.281Z] [INFO] [+1484.1s]    📈 Total so far: 28600 (56.6%)
[2026-01-29T14:35:55.821Z] [INFO] [+1487.6s] 
📄 Fetching page 287/506...
[2026-01-29T14:35:56.648Z] [INFO] [+1488.4s] ⚡ Rate limit: 18/20 remaining
[2026-01-29T14:35:57.342Z] [✓] [+1489.1s]    ✓ Fetched 100 findings
[2026-01-29T14:35:57.352Z] [INFO] [+1489.1s]    📈 Total so far: 28700 (56.8%)
[2026-01-29T14:36:00.868Z] [INFO] [+1492.7s] 
📄 Fetching page 288/506...
[2026-01-29T14:36:02.643Z] [INFO] [+1494.4s] ⚡ Rate limit: 17/20 remaining
[2026-01-29T14:36:05.550Z] [✓] [+1497.3s]    ✓ Fetched 100 findings
[2026-01-29T14:36:05.635Z] [INFO] [+1497.4s]    📈 Total so far: 28800 (57.0%)
[2026-01-29T14:36:09.184Z] [INFO] [+1501.0s] 
📄 Fetching page 289/506...
[2026-01-29T14:36:11.524Z] [INFO] [+1503.3s] ⚡ Rate limit: 16/20 remaining
[2026-01-29T14:36:12.162Z] [✓] [+1504.0s]    ✓ Fetched 100 findings
[2026-01-29T14:36:12.196Z] [INFO] [+1504.0s]    📈 Total so far: 28900 (57.2%)
[2026-01-29T14:36:15.796Z] [INFO] [+1507.6s] 
📄 Fetching page 290/506...
[2026-01-29T14:36:16.911Z] [INFO] [+1509.0s] ⚡ Rate limit: 15/20 remaining
[2026-01-29T14:36:19.962Z] [✓] [+1511.8s]    ✓ Fetched 100 findings
[2026-01-29T14:36:20.027Z] [INFO] [+1511.8s]    📈 Total so far: 29000 (57.4%)
[2026-01-29T14:36:23.742Z] [INFO] [+1515.5s] 
📄 Fetching page 291/506...
[2026-01-29T14:36:25.512Z] [INFO] [+1517.3s] ⚡ Rate limit: 14/20 remaining
[2026-01-29T14:36:30.179Z] [✓] [+1522.0s]    ✓ Fetched 100 findings
[2026-01-29T14:36:30.309Z] [INFO] [+1522.1s]    📈 Total so far: 29100 (57.6%)
[2026-01-29T14:36:33.929Z] [INFO] [+1525.7s] 
📄 Fetching page 292/506...
[2026-01-29T14:36:35.230Z] [INFO] [+1527.0s] ⚡ Rate limit: 13/20 remaining
[2026-01-29T14:36:35.846Z] [✓] [+1527.6s]    ✓ Fetched 100 findings
[2026-01-29T14:36:35.854Z] [INFO] [+1527.7s]    📈 Total so far: 29200 (57.8%)
[2026-01-29T14:36:39.368Z] [INFO] [+1531.2s] 
📄 Fetching page 293/506...
[2026-01-29T14:36:40.220Z] [INFO] [+1532.0s] ⚡ Rate limit: 12/20 remaining
[2026-01-29T14:36:40.928Z] [✓] [+1532.7s]    ✓ Fetched 100 findings
[2026-01-29T14:36:40.953Z] [INFO] [+1532.8s]    📈 Total so far: 29300 (58.0%)
[2026-01-29T14:36:44.523Z] [INFO] [+1536.3s] 
📄 Fetching page 294/506...
[2026-01-29T14:36:45.589Z] [INFO] [+1537.4s] ⚡ Rate limit: 11/20 remaining
[2026-01-29T14:36:46.079Z] [✓] [+1537.9s]    ✓ Fetched 100 findings
[2026-01-29T14:36:46.155Z] [INFO] [+1538.0s]    📈 Total so far: 29400 (58.2%)
[2026-01-29T14:36:49.718Z] [INFO] [+1541.5s] 
📄 Fetching page 295/506...
[2026-01-29T14:36:50.683Z] [INFO] [+1542.5s] ⚡ Rate limit: 10/20 remaining
[2026-01-29T14:36:51.689Z] [✓] [+1543.5s]    ✓ Fetched 100 findings
[2026-01-29T14:36:51.728Z] [INFO] [+1543.5s]    📈 Total so far: 29500 (58.4%)
[2026-01-29T14:36:55.282Z] [INFO] [+1547.1s] 
📄 Fetching page 296/506...
[2026-01-29T14:36:56.344Z] [INFO] [+1548.1s] ⚡ Rate limit: 19/20 remaining
[2026-01-29T14:36:57.305Z] [✓] [+1549.1s]    ✓ Fetched 100 findings
[2026-01-29T14:36:57.310Z] [INFO] [+1549.1s]    📈 Total so far: 29600 (58.6%)
[2026-01-29T14:37:00.836Z] [INFO] [+1552.6s] 
📄 Fetching page 297/506...
[2026-01-29T14:37:02.004Z] [INFO] [+1553.8s] ⚡ Rate limit: 18/20 remaining
[2026-01-29T14:37:03.271Z] [✓] [+1555.1s]    ✓ Fetched 100 findings
[2026-01-29T14:37:03.280Z] [INFO] [+1555.1s]    📈 Total so far: 29700 (58.8%)
[2026-01-29T14:37:06.799Z] [INFO] [+1558.6s] 
📄 Fetching page 298/506...
[2026-01-29T14:37:07.822Z] [INFO] [+1559.6s] ⚡ Rate limit: 17/20 remaining
[2026-01-29T14:37:08.507Z] [✓] [+1560.3s]    ✓ Fetched 100 findings
[2026-01-29T14:37:08.518Z] [INFO] [+1560.3s]    📈 Total so far: 29800 (59.0%)
[2026-01-29T14:37:12.035Z] [INFO] [+1563.8s] 
📄 Fetching page 299/506...
[2026-01-29T14:37:12.845Z] [INFO] [+1564.6s] ⚡ Rate limit: 16/20 remaining
[2026-01-29T14:37:13.344Z] [✓] [+1565.1s]    ✓ Fetched 100 findings
[2026-01-29T14:37:13.354Z] [INFO] [+1565.2s]    📈 Total so far: 29900 (59.2%)
[2026-01-29T14:37:16.862Z] [INFO] [+1568.7s] 
📄 Fetching page 300/506...
[2026-01-29T14:37:17.744Z] [INFO] [+1569.5s] ⚡ Rate limit: 15/20 remaining
[2026-01-29T14:37:18.753Z] [✓] [+1570.5s]    ✓ Fetched 100 findings
[2026-01-29T14:37:18.759Z] [INFO] [+1570.6s]    📈 Total so far: 30000 (59.4%)
[2026-01-29T14:37:50.736Z] [INFO] [+1602.6s] 💾 Checkpoint saved: Page 300, Total findings: 30000
[2026-01-29T14:37:54.553Z] [INFO] [+1606.4s] 
📄 Fetching page 301/506...
[2026-01-29T14:37:56.210Z] [INFO] [+1608.0s] ⚡ Rate limit: 14/20 remaining
[2026-01-29T14:37:57.140Z] [✓] [+1608.9s]    ✓ Fetched 100 findings
[2026-01-29T14:37:57.147Z] [INFO] [+1608.9s]    📈 Total so far: 30100 (59.6%)
[2026-01-29T14:38:00.657Z] [INFO] [+1612.5s] 
📄 Fetching page 302/506...
[2026-01-29T14:38:01.482Z] [INFO] [+1613.3s] ⚡ Rate limit: 19/20 remaining
[2026-01-29T14:38:01.963Z] [✓] [+1613.8s]    ✓ Fetched 100 findings
[2026-01-29T14:38:01.971Z] [INFO] [+1613.8s]    📈 Total so far: 30200 (59.8%)
[2026-01-29T14:38:05.485Z] [INFO] [+1617.3s] 
📄 Fetching page 303/506...
[2026-01-29T14:38:06.379Z] [INFO] [+1618.2s] ⚡ Rate limit: 18/20 remaining
[2026-01-29T14:38:07.127Z] [✓] [+1618.9s]    ✓ Fetched 100 findings
[2026-01-29T14:38:07.133Z] [INFO] [+1618.9s]    📈 Total so far: 30300 (60.0%)
[2026-01-29T14:38:10.717Z] [INFO] [+1622.5s] 
📄 Fetching page 304/506...
[2026-01-29T14:38:11.785Z] [INFO] [+1623.6s] ⚡ Rate limit: 17/20 remaining
[2026-01-29T14:38:12.410Z] [✓] [+1624.2s]    ✓ Fetched 100 findings
[2026-01-29T14:38:12.416Z] [INFO] [+1624.2s]    📈 Total so far: 30400 (60.2%)
[2026-01-29T14:38:16.013Z] [INFO] [+1627.8s] 
📄 Fetching page 305/506...
[2026-01-29T14:38:17.182Z] [INFO] [+1629.0s] ⚡ Rate limit: 16/20 remaining
[2026-01-29T14:38:17.746Z] [✓] [+1629.5s]    ✓ Fetched 100 findings
[2026-01-29T14:38:17.754Z] [INFO] [+1629.6s]    📈 Total so far: 30500 (60.4%)
[2026-01-29T14:38:21.288Z] [INFO] [+1633.1s] 
📄 Fetching page 306/506...
[2026-01-29T14:38:22.313Z] [INFO] [+1634.1s] ⚡ Rate limit: 15/20 remaining
[2026-01-29T14:38:22.848Z] [✓] [+1634.6s]    ✓ Fetched 100 findings
[2026-01-29T14:38:22.882Z] [INFO] [+1634.7s]    📈 Total so far: 30600 (60.6%)
[2026-01-29T14:38:26.447Z] [INFO] [+1638.2s] 
📄 Fetching page 307/506...
[2026-01-29T14:38:27.436Z] [INFO] [+1639.2s] ⚡ Rate limit: 14/20 remaining
[2026-01-29T14:38:28.188Z] [✓] [+1640.0s]    ✓ Fetched 100 findings
[2026-01-29T14:38:28.209Z] [INFO] [+1640.0s]    📈 Total so far: 30700 (60.8%)
[2026-01-29T14:38:31.735Z] [INFO] [+1643.5s] 
📄 Fetching page 308/506...
[2026-01-29T14:38:32.513Z] [INFO] [+1644.3s] ⚡ Rate limit: 13/20 remaining
[2026-01-29T14:38:33.302Z] [✓] [+1645.1s]    ✓ Fetched 100 findings
[2026-01-29T14:38:33.312Z] [INFO] [+1645.1s]    📈 Total so far: 30800 (61.0%)
[2026-01-29T14:38:36.836Z] [INFO] [+1648.6s] 
📄 Fetching page 309/506...
[2026-01-29T14:38:38.268Z] [INFO] [+1650.1s] ⚡ Rate limit: 12/20 remaining
[2026-01-29T14:38:38.914Z] [✓] [+1650.7s]    ✓ Fetched 100 findings
[2026-01-29T14:38:38.934Z] [INFO] [+1650.7s]    📈 Total so far: 30900 (61.2%)
[2026-01-29T14:38:42.458Z] [INFO] [+1654.3s] 
📄 Fetching page 310/506...
[2026-01-29T14:38:43.303Z] [INFO] [+1655.1s] ⚡ Rate limit: 11/20 remaining
[2026-01-29T14:38:44.261Z] [✓] [+1656.1s]    ✓ Fetched 100 findings
[2026-01-29T14:38:44.269Z] [INFO] [+1656.1s]    📈 Total so far: 31000 (61.3%)
[2026-01-29T14:38:47.807Z] [INFO] [+1659.6s] 
📄 Fetching page 311/506...
[2026-01-29T14:38:49.212Z] [INFO] [+1661.0s] ⚡ Rate limit: 10/20 remaining
[2026-01-29T14:38:49.433Z] [✓] [+1661.2s]    ✓ Fetched 100 findings
[2026-01-29T14:38:49.438Z] [INFO] [+1661.2s]    📈 Total so far: 31100 (61.5%)
[2026-01-29T14:38:52.950Z] [INFO] [+1664.7s] 
📄 Fetching page 312/506...
[2026-01-29T14:38:53.934Z] [INFO] [+1665.7s] ⚡ Rate limit: 9/20 remaining
[2026-01-29T14:38:54.389Z] [✓] [+1666.2s]    ✓ Fetched 100 findings
[2026-01-29T14:38:54.393Z] [INFO] [+1666.2s]    📈 Total so far: 31200 (61.7%)
[2026-01-29T14:38:57.905Z] [INFO] [+1669.7s] 
📄 Fetching page 313/506...
[2026-01-29T14:38:58.900Z] [INFO] [+1670.7s] ⚡ Rate limit: 8/20 remaining
[2026-01-29T14:38:59.333Z] [✓] [+1671.1s]    ✓ Fetched 100 findings
[2026-01-29T14:38:59.343Z] [INFO] [+1671.1s]    📈 Total so far: 31300 (61.9%)
[2026-01-29T14:39:02.853Z] [INFO] [+1674.7s] 
📄 Fetching page 314/506...
[2026-01-29T14:39:03.993Z] [INFO] [+1675.8s] ⚡ Rate limit: 19/20 remaining
[2026-01-29T14:39:04.630Z] [✓] [+1676.4s]    ✓ Fetched 100 findings
[2026-01-29T14:39:04.634Z] [INFO] [+1676.4s]    📈 Total so far: 31400 (62.1%)
[2026-01-29T14:39:08.154Z] [INFO] [+1680.0s] 
📄 Fetching page 315/506...
[2026-01-29T14:39:09.380Z] [INFO] [+1681.2s] ⚡ Rate limit: 18/20 remaining
[2026-01-29T14:39:09.758Z] [✓] [+1681.6s]    ✓ Fetched 100 findings
[2026-01-29T14:39:09.765Z] [INFO] [+1681.6s]    📈 Total so far: 31500 (62.3%)
[2026-01-29T14:39:13.313Z] [INFO] [+1685.1s] 
📄 Fetching page 316/506...
[2026-01-29T14:39:14.340Z] [INFO] [+1686.1s] ⚡ Rate limit: 17/20 remaining
[2026-01-29T14:39:15.331Z] [✓] [+1687.1s]    ✓ Fetched 100 findings
[2026-01-29T14:39:15.506Z] [INFO] [+1687.3s]    📈 Total so far: 31600 (62.5%)
[2026-01-29T14:39:19.087Z] [INFO] [+1690.9s] 
📄 Fetching page 317/506...
[2026-01-29T14:39:20.419Z] [INFO] [+1692.2s] ⚡ Rate limit: 16/20 remaining
[2026-01-29T14:39:20.930Z] [✓] [+1692.7s]    ✓ Fetched 100 findings
[2026-01-29T14:39:20.944Z] [INFO] [+1692.7s]    📈 Total so far: 31700 (62.7%)
[2026-01-29T14:39:24.461Z] [INFO] [+1696.3s] 
📄 Fetching page 318/506...
[2026-01-29T14:39:25.237Z] [INFO] [+1697.0s] ⚡ Rate limit: 15/20 remaining
[2026-01-29T14:39:25.702Z] [✓] [+1697.5s]    ✓ Fetched 100 findings
[2026-01-29T14:39:25.706Z] [INFO] [+1697.5s]    📈 Total so far: 31800 (62.9%)
[2026-01-29T14:39:29.224Z] [INFO] [+1701.0s] 
📄 Fetching page 319/506...
[2026-01-29T14:39:30.566Z] [INFO] [+1702.4s] ⚡ Rate limit: 14/20 remaining
[2026-01-29T14:39:30.927Z] [✓] [+1702.7s]    ✓ Fetched 100 findings
[2026-01-29T14:39:30.936Z] [INFO] [+1702.7s]    📈 Total so far: 31900 (63.1%)
[2026-01-29T14:39:34.451Z] [INFO] [+1706.2s] 
📄 Fetching page 320/506...
[2026-01-29T14:39:35.610Z] [INFO] [+1707.4s] ⚡ Rate limit: 13/20 remaining
[2026-01-29T14:39:36.268Z] [✓] [+1708.1s]    ✓ Fetched 100 findings
[2026-01-29T14:39:36.273Z] [INFO] [+1708.1s]    📈 Total so far: 32000 (63.3%)
[2026-01-29T14:39:39.792Z] [INFO] [+1711.6s] 
📄 Fetching page 321/506...
[2026-01-29T14:39:40.586Z] [INFO] [+1712.4s] ⚡ Rate limit: 12/20 remaining
[2026-01-29T14:39:41.034Z] [✓] [+1712.8s]    ✓ Fetched 100 findings
[2026-01-29T14:39:41.039Z] [INFO] [+1712.8s]    📈 Total so far: 32100 (63.5%)
[2026-01-29T14:39:44.560Z] [INFO] [+1716.4s] 
📄 Fetching page 322/506...
[2026-01-29T14:39:45.354Z] [INFO] [+1717.2s] ⚡ Rate limit: 11/20 remaining
[2026-01-29T14:39:45.492Z] [✓] [+1717.3s]    ✓ Fetched 100 findings
[2026-01-29T14:39:45.497Z] [INFO] [+1717.3s]    📈 Total so far: 32200 (63.7%)
[2026-01-29T14:39:49.007Z] [INFO] [+1720.8s] 
📄 Fetching page 323/506...
[2026-01-29T14:39:49.790Z] [INFO] [+1721.6s] ⚡ Rate limit: 10/20 remaining
[2026-01-29T14:39:50.668Z] [✓] [+1722.5s]    ✓ Fetched 100 findings
[2026-01-29T14:39:50.672Z] [INFO] [+1722.5s]    📈 Total so far: 32300 (63.9%)
[2026-01-29T14:39:54.194Z] [INFO] [+1726.0s] 
📄 Fetching page 324/506...
[2026-01-29T14:39:54.954Z] [INFO] [+1726.8s] ⚡ Rate limit: 9/20 remaining
[2026-01-29T14:39:55.109Z] [✓] [+1726.9s]    ✓ Fetched 100 findings
[2026-01-29T14:39:55.123Z] [INFO] [+1726.9s]    📈 Total so far: 32400 (64.1%)
[2026-01-29T14:39:58.638Z] [INFO] [+1730.4s] 
📄 Fetching page 325/506...
[2026-01-29T14:40:00.930Z] [INFO] [+1732.7s] ⚡ Rate limit: 8/20 remaining
[2026-01-29T14:40:01.418Z] [✓] [+1733.2s]    ✓ Fetched 100 findings
[2026-01-29T14:40:01.425Z] [INFO] [+1733.2s]    📈 Total so far: 32500 (64.3%)
[2026-01-29T14:40:04.935Z] [INFO] [+1736.7s] 
📄 Fetching page 326/506...
[2026-01-29T14:40:06.263Z] [INFO] [+1738.1s] ⚡ Rate limit: 19/20 remaining
[2026-01-29T14:40:06.681Z] [✓] [+1738.5s]    ✓ Fetched 100 findings
[2026-01-29T14:40:06.685Z] [INFO] [+1738.5s]    📈 Total so far: 32600 (64.5%)
[2026-01-29T14:40:10.190Z] [INFO] [+1742.0s] 
📄 Fetching page 327/506...
[2026-01-29T14:40:10.954Z] [INFO] [+1742.8s] ⚡ Rate limit: 18/20 remaining
[2026-01-29T14:40:11.451Z] [✓] [+1743.2s]    ✓ Fetched 100 findings
[2026-01-29T14:40:11.458Z] [INFO] [+1743.3s]    📈 Total so far: 32700 (64.7%)
[2026-01-29T14:40:15.045Z] [INFO] [+1746.8s] 
📄 Fetching page 328/506...
[2026-01-29T14:40:16.224Z] [INFO] [+1748.0s] ⚡ Rate limit: 17/20 remaining
[2026-01-29T14:40:16.791Z] [✓] [+1748.6s]    ✓ Fetched 100 findings
[2026-01-29T14:40:16.808Z] [INFO] [+1748.6s]    📈 Total so far: 32800 (64.9%)
[2026-01-29T14:40:20.390Z] [INFO] [+1752.2s] 
📄 Fetching page 329/506...
[2026-01-29T14:40:21.491Z] [INFO] [+1753.3s] ⚡ Rate limit: 16/20 remaining
[2026-01-29T14:40:22.218Z] [✓] [+1754.0s]    ✓ Fetched 100 findings
[2026-01-29T14:40:22.238Z] [INFO] [+1754.0s]    📈 Total so far: 32900 (65.1%)
[2026-01-29T14:40:25.782Z] [INFO] [+1757.6s] 
📄 Fetching page 330/506...
[2026-01-29T14:40:27.015Z] [INFO] [+1758.8s] ⚡ Rate limit: 15/20 remaining
[2026-01-29T14:40:27.681Z] [✓] [+1759.5s]    ✓ Fetched 100 findings
[2026-01-29T14:40:27.687Z] [INFO] [+1759.5s]    📈 Total so far: 33000 (65.3%)
[2026-01-29T14:40:31.215Z] [INFO] [+1763.0s] 
📄 Fetching page 331/506...
[2026-01-29T14:40:32.225Z] [INFO] [+1764.0s] ⚡ Rate limit: 14/20 remaining
[2026-01-29T14:40:32.817Z] [✓] [+1764.6s]    ✓ Fetched 100 findings
[2026-01-29T14:40:32.826Z] [INFO] [+1764.6s]    📈 Total so far: 33100 (65.5%)
[2026-01-29T14:40:36.343Z] [INFO] [+1768.1s] 
📄 Fetching page 332/506...
[2026-01-29T14:40:37.085Z] [INFO] [+1768.9s] ⚡ Rate limit: 13/20 remaining
[2026-01-29T14:40:37.580Z] [✓] [+1769.4s]    ✓ Fetched 100 findings
[2026-01-29T14:40:37.588Z] [INFO] [+1769.4s]    📈 Total so far: 33200 (65.7%)
[2026-01-29T14:40:41.111Z] [INFO] [+1772.9s] 
📄 Fetching page 333/506...
[2026-01-29T14:40:42.703Z] [INFO] [+1774.5s] ⚡ Rate limit: 12/20 remaining
[2026-01-29T14:40:43.356Z] [✓] [+1775.2s]    ✓ Fetched 100 findings
[2026-01-29T14:40:43.362Z] [INFO] [+1775.2s]    📈 Total so far: 33300 (65.9%)
[2026-01-29T14:40:46.868Z] [INFO] [+1778.7s] 
📄 Fetching page 334/506...
[2026-01-29T14:40:48.145Z] [INFO] [+1779.9s] ⚡ Rate limit: 11/20 remaining
[2026-01-29T14:40:48.567Z] [✓] [+1780.4s]    ✓ Fetched 100 findings
[2026-01-29T14:40:48.575Z] [INFO] [+1780.4s]    📈 Total so far: 33400 (66.1%)
[2026-01-29T14:40:52.085Z] [INFO] [+1783.9s] 
📄 Fetching page 335/506...
[2026-01-29T14:40:53.122Z] [INFO] [+1784.9s] ⚡ Rate limit: 10/20 remaining
[2026-01-29T14:40:54.017Z] [✓] [+1785.8s]    ✓ Fetched 100 findings
[2026-01-29T14:40:54.023Z] [INFO] [+1785.8s]    📈 Total so far: 33500 (66.3%)
[2026-01-29T14:40:57.536Z] [INFO] [+1789.3s] 
📄 Fetching page 336/506...
[2026-01-29T14:40:58.699Z] [INFO] [+1790.5s] ⚡ Rate limit: 9/20 remaining
[2026-01-29T14:40:59.865Z] [✓] [+1791.7s]    ✓ Fetched 100 findings
[2026-01-29T14:40:59.879Z] [INFO] [+1791.7s]    📈 Total so far: 33600 (66.5%)
[2026-01-29T14:41:03.430Z] [INFO] [+1795.2s] 
📄 Fetching page 337/506...
[2026-01-29T14:41:04.786Z] [INFO] [+1796.6s] ⚡ Rate limit: 8/20 remaining
[2026-01-29T14:41:05.218Z] [✓] [+1797.0s]    ✓ Fetched 100 findings
[2026-01-29T14:41:05.224Z] [INFO] [+1797.0s]    📈 Total so far: 33700 (66.7%)
[2026-01-29T14:41:08.738Z] [INFO] [+1800.5s] 
📄 Fetching page 338/506...
[2026-01-29T14:41:09.594Z] [INFO] [+1801.4s] ⚡ Rate limit: 19/20 remaining
[2026-01-29T14:41:10.264Z] [✓] [+1802.1s]    ✓ Fetched 100 findings
[2026-01-29T14:41:10.268Z] [INFO] [+1802.1s]    📈 Total so far: 33800 (66.9%)
[2026-01-29T14:41:13.812Z] [INFO] [+1805.6s] 
📄 Fetching page 339/506...
[2026-01-29T14:41:14.726Z] [INFO] [+1806.5s] ⚡ Rate limit: 18/20 remaining
[2026-01-29T14:41:15.365Z] [✓] [+1807.2s]    ✓ Fetched 100 findings
[2026-01-29T14:41:15.374Z] [INFO] [+1807.2s]    📈 Total so far: 33900 (67.1%)
[2026-01-29T14:41:18.894Z] [INFO] [+1810.7s] 
📄 Fetching page 340/506...
[2026-01-29T14:41:19.745Z] [INFO] [+1811.5s] ⚡ Rate limit: 17/20 remaining
[2026-01-29T14:41:20.430Z] [✓] [+1812.2s]    ✓ Fetched 100 findings
[2026-01-29T14:41:20.434Z] [INFO] [+1812.2s]    📈 Total so far: 34000 (67.3%)
[2026-01-29T14:41:23.956Z] [INFO] [+1815.8s] 
📄 Fetching page 341/506...
[2026-01-29T14:41:25.165Z] [INFO] [+1817.0s] ⚡ Rate limit: 16/20 remaining
[2026-01-29T14:41:27.134Z] [✓] [+1818.9s]    ✓ Fetched 100 findings
[2026-01-29T14:41:27.135Z] [INFO] [+1818.9s]    📈 Total so far: 34100 (67.5%)
[2026-01-29T14:41:30.644Z] [INFO] [+1822.4s] 
📄 Fetching page 342/506...
[2026-01-29T14:41:31.614Z] [INFO] [+1823.4s] ⚡ Rate limit: 15/20 remaining
[2026-01-29T14:41:32.212Z] [✓] [+1824.0s]    ✓ Fetched 100 findings
[2026-01-29T14:41:32.213Z] [INFO] [+1824.0s]    📈 Total so far: 34200 (67.7%)
[2026-01-29T14:41:35.726Z] [INFO] [+1827.5s] 
📄 Fetching page 343/506...
[2026-01-29T14:41:36.546Z] [INFO] [+1828.3s] ⚡ Rate limit: 14/20 remaining
[2026-01-29T14:41:37.137Z] [✓] [+1828.9s]    ✓ Fetched 100 findings
[2026-01-29T14:41:37.138Z] [INFO] [+1828.9s]    📈 Total so far: 34300 (67.9%)
[2026-01-29T14:41:40.645Z] [INFO] [+1832.4s] 
📄 Fetching page 344/506...
[2026-01-29T14:41:41.536Z] [INFO] [+1833.3s] ⚡ Rate limit: 13/20 remaining
[2026-01-29T14:41:42.129Z] [✓] [+1833.9s]    ✓ Fetched 100 findings
[2026-01-29T14:41:42.129Z] [INFO] [+1833.9s]    📈 Total so far: 34400 (68.1%)
[2026-01-29T14:41:45.635Z] [INFO] [+1837.4s] 
📄 Fetching page 345/506...
[2026-01-29T14:41:46.393Z] [INFO] [+1838.2s] ⚡ Rate limit: 12/20 remaining
[2026-01-29T14:41:47.000Z] [✓] [+1838.8s]    ✓ Fetched 100 findings
[2026-01-29T14:41:47.001Z] [INFO] [+1838.8s]    📈 Total so far: 34500 (68.3%)
[2026-01-29T14:41:50.515Z] [INFO] [+1842.3s] 
📄 Fetching page 346/506...
[2026-01-29T14:41:51.538Z] [INFO] [+1843.3s] ⚡ Rate limit: 11/20 remaining
[2026-01-29T14:41:52.193Z] [✓] [+1844.0s]    ✓ Fetched 100 findings
[2026-01-29T14:41:52.194Z] [INFO] [+1844.0s]    📈 Total so far: 34600 (68.5%)
[2026-01-29T14:41:55.709Z] [INFO] [+1847.5s] 
📄 Fetching page 347/506...
[2026-01-29T14:41:56.496Z] [INFO] [+1848.3s] ⚡ Rate limit: 10/20 remaining
[2026-01-29T14:41:56.664Z] [✓] [+1848.5s]    ✓ Fetched 100 findings
[2026-01-29T14:41:56.665Z] [INFO] [+1848.5s]    📈 Total so far: 34700 (68.7%)
[2026-01-29T14:42:00.167Z] [INFO] [+1852.0s] 
📄 Fetching page 348/506...
[2026-01-29T14:42:01.122Z] [INFO] [+1852.9s] ⚡ Rate limit: 9/20 remaining
[2026-01-29T14:42:01.572Z] [✓] [+1853.4s]    ✓ Fetched 100 findings
[2026-01-29T14:42:01.572Z] [INFO] [+1853.4s]    📈 Total so far: 34800 (68.9%)
[2026-01-29T14:42:05.081Z] [INFO] [+1856.9s] 
📄 Fetching page 349/506...
[2026-01-29T14:42:06.574Z] [INFO] [+1858.4s] ⚡ Rate limit: 8/20 remaining
[2026-01-29T14:42:07.169Z] [✓] [+1859.0s]    ✓ Fetched 100 findings
[2026-01-29T14:42:07.170Z] [INFO] [+1859.0s]    📈 Total so far: 34900 (69.1%)
[2026-01-29T14:42:10.682Z] [INFO] [+1862.5s] 
📄 Fetching page 350/506...
[2026-01-29T14:42:11.659Z] [INFO] [+1863.5s] ⚡ Rate limit: 19/20 remaining
[2026-01-29T14:42:12.100Z] [✓] [+1863.9s]    ✓ Fetched 100 findings
[2026-01-29T14:42:12.101Z] [INFO] [+1863.9s]    📈 Total so far: 35000 (69.3%)
[2026-01-29T14:42:13.344Z] [INFO] [+1865.1s] 💾 Checkpoint saved: Page 350, Total findings: 35000
[2026-01-29T14:42:16.853Z] [INFO] [+1868.7s] 
📄 Fetching page 351/506...
[2026-01-29T14:42:19.099Z] [INFO] [+1870.9s] ⚡ Rate limit: 18/20 remaining
[2026-01-29T14:42:19.563Z] [✓] [+1871.4s]    ✓ Fetched 100 findings
[2026-01-29T14:42:19.564Z] [INFO] [+1871.4s]    📈 Total so far: 35100 (69.5%)
[2026-01-29T14:42:23.066Z] [INFO] [+1874.9s] 
📄 Fetching page 352/506...
[2026-01-29T14:42:24.080Z] [INFO] [+1875.9s] ⚡ Rate limit: 17/20 remaining
[2026-01-29T14:42:24.464Z] [✓] [+1876.3s]    ✓ Fetched 100 findings
[2026-01-29T14:42:24.465Z] [INFO] [+1876.3s]    📈 Total so far: 35200 (69.7%)
[2026-01-29T14:42:27.967Z] [INFO] [+1879.8s] 
📄 Fetching page 353/506...
[2026-01-29T14:42:28.834Z] [INFO] [+1880.6s] ⚡ Rate limit: 16/20 remaining
[2026-01-29T14:42:29.168Z] [✓] [+1881.0s]    ✓ Fetched 100 findings
[2026-01-29T14:42:29.169Z] [INFO] [+1881.0s]    📈 Total so far: 35300 (69.9%)
[2026-01-29T14:42:32.683Z] [INFO] [+1884.5s] 
📄 Fetching page 354/506...
[2026-01-29T14:42:34.017Z] [INFO] [+1885.8s] ⚡ Rate limit: 15/20 remaining
[2026-01-29T14:42:34.591Z] [✓] [+1886.4s]    ✓ Fetched 100 findings
[2026-01-29T14:42:34.592Z] [INFO] [+1886.4s]    📈 Total so far: 35400 (70.1%)
[2026-01-29T14:42:38.103Z] [INFO] [+1889.9s] 
📄 Fetching page 355/506...
[2026-01-29T14:42:38.880Z] [INFO] [+1890.7s] ⚡ Rate limit: 14/20 remaining
[2026-01-29T14:42:39.268Z] [✓] [+1891.1s]    ✓ Fetched 100 findings
[2026-01-29T14:42:39.269Z] [INFO] [+1891.1s]    📈 Total so far: 35500 (70.3%)
[2026-01-29T14:42:42.783Z] [INFO] [+1894.6s] 
📄 Fetching page 356/506...
[2026-01-29T14:42:43.852Z] [INFO] [+1895.6s] ⚡ Rate limit: 13/20 remaining
[2026-01-29T14:42:44.432Z] [✓] [+1896.2s]    ✓ Fetched 100 findings
[2026-01-29T14:42:44.433Z] [INFO] [+1896.2s]    📈 Total so far: 35600 (70.5%)
[2026-01-29T14:42:47.935Z] [INFO] [+1899.7s] 
📄 Fetching page 357/506...
[2026-01-29T14:42:48.762Z] [INFO] [+1900.6s] ⚡ Rate limit: 12/20 remaining
[2026-01-29T14:42:49.025Z] [✓] [+1900.8s]    ✓ Fetched 100 findings
[2026-01-29T14:42:49.026Z] [INFO] [+1900.8s]    📈 Total so far: 35700 (70.7%)
[2026-01-29T14:42:52.534Z] [INFO] [+1904.3s] 
📄 Fetching page 358/506...
[2026-01-29T14:42:53.306Z] [INFO] [+1905.1s] ⚡ Rate limit: 11/20 remaining
[2026-01-29T14:42:54.068Z] [✓] [+1905.9s]    ✓ Fetched 100 findings
[2026-01-29T14:42:54.069Z] [INFO] [+1905.9s]    📈 Total so far: 35800 (70.8%)
[2026-01-29T14:42:57.591Z] [INFO] [+1909.4s] 
📄 Fetching page 359/506...
[2026-01-29T14:42:59.575Z] [INFO] [+1911.4s] ⚡ Rate limit: 10/20 remaining
[2026-01-29T14:42:59.635Z] [✓] [+1911.4s]    ✓ Fetched 100 findings
[2026-01-29T14:42:59.636Z] [INFO] [+1911.4s]    📈 Total so far: 35900 (71.0%)
[2026-01-29T14:43:03.138Z] [INFO] [+1914.9s] 
📄 Fetching page 360/506...
[2026-01-29T14:43:03.896Z] [INFO] [+1915.7s] ⚡ Rate limit: 9/20 remaining
[2026-01-29T14:43:04.321Z] [✓] [+1916.1s]    ✓ Fetched 100 findings
[2026-01-29T14:43:04.321Z] [INFO] [+1916.1s]    📈 Total so far: 36000 (71.2%)
[2026-01-29T14:43:07.822Z] [INFO] [+1919.6s] 
📄 Fetching page 361/506...
[2026-01-29T14:43:08.665Z] [INFO] [+1920.5s] ⚡ Rate limit: 8/20 remaining
[2026-01-29T14:43:09.308Z] [✓] [+1921.1s]    ✓ Fetched 100 findings
[2026-01-29T14:43:09.308Z] [INFO] [+1921.1s]    📈 Total so far: 36100 (71.4%)
[2026-01-29T14:43:12.810Z] [INFO] [+1924.6s] 
📄 Fetching page 362/506...
[2026-01-29T14:43:13.669Z] [INFO] [+1925.5s] ⚡ Rate limit: 19/20 remaining
[2026-01-29T14:43:14.596Z] [✓] [+1926.4s]    ✓ Fetched 100 findings
[2026-01-29T14:43:14.597Z] [INFO] [+1926.4s]    📈 Total so far: 36200 (71.6%)
[2026-01-29T14:43:18.114Z] [INFO] [+1929.9s] 
📄 Fetching page 363/506...
[2026-01-29T14:43:18.979Z] [INFO] [+1930.8s] ⚡ Rate limit: 18/20 remaining
[2026-01-29T14:43:19.671Z] [✓] [+1931.5s]    ✓ Fetched 100 findings
[2026-01-29T14:43:19.671Z] [INFO] [+1931.5s]    📈 Total so far: 36300 (71.8%)
[2026-01-29T14:43:23.178Z] [INFO] [+1935.0s] 
📄 Fetching page 364/506...
[2026-01-29T14:43:23.944Z] [INFO] [+1935.7s] ⚡ Rate limit: 17/20 remaining
[2026-01-29T14:43:24.370Z] [✓] [+1936.2s]    ✓ Fetched 100 findings
[2026-01-29T14:43:24.371Z] [INFO] [+1936.2s]    📈 Total so far: 36400 (72.0%)
[2026-01-29T14:43:27.876Z] [INFO] [+1939.7s] 
📄 Fetching page 365/506...
[2026-01-29T14:43:28.720Z] [INFO] [+1940.5s] ⚡ Rate limit: 16/20 remaining
[2026-01-29T14:43:31.942Z] [✓] [+1943.7s]    ✓ Fetched 100 findings
[2026-01-29T14:43:31.945Z] [INFO] [+1943.7s]    📈 Total so far: 36500 (72.2%)
[2026-01-29T14:43:35.458Z] [INFO] [+1947.3s] 
📄 Fetching page 366/506...
[2026-01-29T14:43:36.242Z] [INFO] [+1948.0s] ⚡ Rate limit: 15/20 remaining
[2026-01-29T14:43:36.856Z] [✓] [+1948.7s]    ✓ Fetched 100 findings
[2026-01-29T14:43:36.860Z] [INFO] [+1948.7s]    📈 Total so far: 36600 (72.4%)
[2026-01-29T14:43:40.370Z] [INFO] [+1952.2s] 
📄 Fetching page 367/506...
[2026-01-29T14:43:41.221Z] [INFO] [+1953.0s] ⚡ Rate limit: 14/20 remaining
[2026-01-29T14:43:41.974Z] [✓] [+1953.8s]    ✓ Fetched 100 findings
[2026-01-29T14:43:41.976Z] [INFO] [+1953.8s]    📈 Total so far: 36700 (72.6%)
[2026-01-29T14:43:45.481Z] [INFO] [+1957.3s] 
📄 Fetching page 368/506...
[2026-01-29T14:43:46.499Z] [INFO] [+1958.3s] ⚡ Rate limit: 13/20 remaining
[2026-01-29T14:43:47.156Z] [✓] [+1959.0s]    ✓ Fetched 100 findings
[2026-01-29T14:43:47.158Z] [INFO] [+1959.0s]    📈 Total so far: 36800 (72.8%)
[2026-01-29T14:43:50.674Z] [INFO] [+1962.5s] 
📄 Fetching page 369/506...
[2026-01-29T14:43:51.467Z] [INFO] [+1963.3s] ⚡ Rate limit: 12/20 remaining
[2026-01-29T14:43:52.054Z] [✓] [+1963.9s]    ✓ Fetched 100 findings
[2026-01-29T14:43:52.055Z] [INFO] [+1963.9s]    📈 Total so far: 36900 (73.0%)
[2026-01-29T14:43:55.565Z] [INFO] [+1967.4s] 
📄 Fetching page 370/506...
[2026-01-29T14:43:56.450Z] [INFO] [+1968.2s] ⚡ Rate limit: 11/20 remaining
[2026-01-29T14:43:56.971Z] [✓] [+1968.8s]    ✓ Fetched 100 findings
[2026-01-29T14:43:56.972Z] [INFO] [+1968.8s]    📈 Total so far: 37000 (73.2%)
[2026-01-29T14:44:00.480Z] [INFO] [+1972.3s] 
📄 Fetching page 371/506...
[2026-01-29T14:44:01.824Z] [INFO] [+1973.6s] ⚡ Rate limit: 10/20 remaining
[2026-01-29T14:44:02.607Z] [✓] [+1974.4s]    ✓ Fetched 100 findings
[2026-01-29T14:44:02.608Z] [INFO] [+1974.4s]    📈 Total so far: 37100 (73.4%)
[2026-01-29T14:44:06.126Z] [INFO] [+1977.9s] 
📄 Fetching page 372/506...
[2026-01-29T14:44:07.253Z] [INFO] [+1979.0s] ⚡ Rate limit: 9/20 remaining
[2026-01-29T14:44:08.881Z] [✓] [+1980.7s]    ✓ Fetched 100 findings
[2026-01-29T14:44:08.884Z] [INFO] [+1980.7s]    📈 Total so far: 37200 (73.6%)
[2026-01-29T14:44:12.388Z] [INFO] [+1984.2s] 
📄 Fetching page 373/506...
[2026-01-29T14:44:13.427Z] [INFO] [+1985.2s] ⚡ Rate limit: 8/20 remaining
[2026-01-29T14:44:13.640Z] [✓] [+1985.4s]    ✓ Fetched 100 findings
[2026-01-29T14:44:13.642Z] [INFO] [+1985.4s]    📈 Total so far: 37300 (73.8%)
[2026-01-29T14:44:17.146Z] [INFO] [+1988.9s] 
📄 Fetching page 374/506...
[2026-01-29T14:44:18.142Z] [INFO] [+1989.9s] ⚡ Rate limit: 19/20 remaining
[2026-01-29T14:44:18.944Z] [✓] [+1990.7s]    ✓ Fetched 100 findings
[2026-01-29T14:44:18.946Z] [INFO] [+1990.7s]    📈 Total so far: 37400 (74.0%)
[2026-01-29T14:44:22.448Z] [INFO] [+1994.2s] 
📄 Fetching page 375/506...
[2026-01-29T14:44:23.223Z] [INFO] [+1995.0s] ⚡ Rate limit: 18/20 remaining
[2026-01-29T14:44:23.879Z] [✓] [+1995.7s]    ✓ Fetched 100 findings
[2026-01-29T14:44:23.880Z] [INFO] [+1995.7s]    📈 Total so far: 37500 (74.2%)
[2026-01-29T14:44:27.396Z] [INFO] [+1999.2s] 
📄 Fetching page 376/506...
[2026-01-29T14:44:28.633Z] [INFO] [+2000.4s] ⚡ Rate limit: 17/20 remaining
[2026-01-29T14:44:28.810Z] [✓] [+2000.6s]    ✓ Fetched 100 findings
[2026-01-29T14:44:28.813Z] [INFO] [+2000.6s]    📈 Total so far: 37600 (74.4%)
[2026-01-29T14:44:32.320Z] [INFO] [+2004.1s] 
📄 Fetching page 377/506...
[2026-01-29T14:44:33.163Z] [INFO] [+2005.0s] ⚡ Rate limit: 16/20 remaining
[2026-01-29T14:44:33.975Z] [✓] [+2005.8s]    ✓ Fetched 100 findings
[2026-01-29T14:44:33.976Z] [INFO] [+2005.8s]    📈 Total so far: 37700 (74.6%)
[2026-01-29T14:44:37.493Z] [INFO] [+2009.3s] 
📄 Fetching page 378/506...
[2026-01-29T14:44:38.299Z] [INFO] [+2010.1s] ⚡ Rate limit: 15/20 remaining
[2026-01-29T14:44:38.929Z] [✓] [+2010.7s]    ✓ Fetched 100 findings
[2026-01-29T14:44:38.931Z] [INFO] [+2010.7s]    📈 Total so far: 37800 (74.8%)
[2026-01-29T14:44:42.481Z] [INFO] [+2014.3s] 
📄 Fetching page 379/506...
[2026-01-29T14:44:43.639Z] [INFO] [+2015.4s] ⚡ Rate limit: 14/20 remaining
[2026-01-29T14:44:44.158Z] [✓] [+2016.0s]    ✓ Fetched 100 findings
[2026-01-29T14:44:44.159Z] [INFO] [+2016.0s]    📈 Total so far: 37900 (75.0%)
[2026-01-29T14:44:47.663Z] [INFO] [+2019.5s] 
📄 Fetching page 380/506...
[2026-01-29T14:44:48.604Z] [INFO] [+2020.4s] ⚡ Rate limit: 13/20 remaining
[2026-01-29T14:44:49.289Z] [✓] [+2021.1s]    ✓ Fetched 100 findings
[2026-01-29T14:44:49.295Z] [INFO] [+2021.1s]    📈 Total so far: 38000 (75.2%)
[2026-01-29T14:44:52.820Z] [INFO] [+2024.6s] 
📄 Fetching page 381/506...
[2026-01-29T14:44:54.935Z] [INFO] [+2026.7s] ⚡ Rate limit: 12/20 remaining
[2026-01-29T14:44:55.061Z] [✓] [+2026.9s]    ✓ Fetched 100 findings
[2026-01-29T14:44:55.068Z] [INFO] [+2026.9s]    📈 Total so far: 38100 (75.4%)
[2026-01-29T14:44:58.596Z] [INFO] [+2030.4s] 
📄 Fetching page 382/506...
[2026-01-29T14:44:59.407Z] [INFO] [+2031.2s] ⚡ Rate limit: 11/20 remaining
[2026-01-29T14:44:59.837Z] [✓] [+2031.6s]    ✓ Fetched 100 findings
[2026-01-29T14:44:59.838Z] [INFO] [+2031.6s]    📈 Total so far: 38200 (75.6%)
[2026-01-29T14:45:03.346Z] [INFO] [+2035.1s] 
📄 Fetching page 383/506...
[2026-01-29T14:45:04.172Z] [INFO] [+2036.0s] ⚡ Rate limit: 10/20 remaining
[2026-01-29T14:45:04.587Z] [✓] [+2036.4s]    ✓ Fetched 100 findings
[2026-01-29T14:45:04.588Z] [INFO] [+2036.4s]    📈 Total so far: 38300 (75.8%)
[2026-01-29T14:45:08.102Z] [INFO] [+2039.9s] 
📄 Fetching page 384/506...
[2026-01-29T14:45:08.897Z] [INFO] [+2040.7s] ⚡ Rate limit: 9/20 remaining
[2026-01-29T14:45:09.550Z] [✓] [+2041.3s]    ✓ Fetched 100 findings
[2026-01-29T14:45:09.551Z] [INFO] [+2041.3s]    📈 Total so far: 38400 (76.0%)
[2026-01-29T14:45:13.069Z] [INFO] [+2044.9s] 
📄 Fetching page 385/506...
[2026-01-29T14:45:13.973Z] [INFO] [+2045.8s] ⚡ Rate limit: 8/20 remaining
[2026-01-29T14:45:14.647Z] [✓] [+2046.4s]    ✓ Fetched 100 findings
[2026-01-29T14:45:14.657Z] [INFO] [+2046.5s]    📈 Total so far: 38500 (76.2%)
[2026-01-29T14:45:18.186Z] [INFO] [+2050.0s] 
📄 Fetching page 386/506...
[2026-01-29T14:45:19.050Z] [INFO] [+2050.8s] ⚡ Rate limit: 19/20 remaining
[2026-01-29T14:45:19.688Z] [✓] [+2051.5s]    ✓ Fetched 100 findings
[2026-01-29T14:45:19.693Z] [INFO] [+2051.5s]    📈 Total so far: 38600 (76.4%)
[2026-01-29T14:45:23.204Z] [INFO] [+2055.0s] 
📄 Fetching page 387/506...
[2026-01-29T14:45:24.040Z] [INFO] [+2055.8s] ⚡ Rate limit: 18/20 remaining
[2026-01-29T14:45:24.653Z] [✓] [+2056.4s]    ✓ Fetched 100 findings
[2026-01-29T14:45:24.654Z] [INFO] [+2056.5s]    📈 Total so far: 38700 (76.6%)
[2026-01-29T14:45:28.167Z] [INFO] [+2060.0s] 
📄 Fetching page 388/506...
[2026-01-29T14:45:29.004Z] [INFO] [+2060.8s] ⚡ Rate limit: 17/20 remaining
[2026-01-29T14:45:29.467Z] [✓] [+2061.3s]    ✓ Fetched 100 findings
[2026-01-29T14:45:29.491Z] [INFO] [+2061.3s]    📈 Total so far: 38800 (76.8%)
[2026-01-29T14:45:32.998Z] [INFO] [+2064.8s] 
📄 Fetching page 389/506...
[2026-01-29T14:45:33.816Z] [INFO] [+2065.6s] ⚡ Rate limit: 16/20 remaining
[2026-01-29T14:45:34.412Z] [✓] [+2066.2s]    ✓ Fetched 100 findings
[2026-01-29T14:45:34.413Z] [INFO] [+2066.2s]    📈 Total so far: 38900 (77.0%)
[2026-01-29T14:45:37.922Z] [INFO] [+2069.7s] 
📄 Fetching page 390/506...
[2026-01-29T14:45:38.746Z] [INFO] [+2070.5s] ⚡ Rate limit: 15/20 remaining
[2026-01-29T14:45:39.113Z] [✓] [+2070.9s]    ✓ Fetched 100 findings
[2026-01-29T14:45:39.114Z] [INFO] [+2070.9s]    📈 Total so far: 39000 (77.2%)
[2026-01-29T14:45:42.622Z] [INFO] [+2074.4s] 
📄 Fetching page 391/506...
[2026-01-29T14:45:43.465Z] [INFO] [+2075.3s] ⚡ Rate limit: 14/20 remaining
[2026-01-29T14:45:44.054Z] [✓] [+2075.9s]    ✓ Fetched 100 findings
[2026-01-29T14:45:44.055Z] [INFO] [+2075.9s]    📈 Total so far: 39100 (77.4%)
[2026-01-29T14:45:47.565Z] [INFO] [+2079.4s] 
📄 Fetching page 392/506...
[2026-01-29T14:45:48.724Z] [INFO] [+2080.5s] ⚡ Rate limit: 13/20 remaining
[2026-01-29T14:45:49.365Z] [✓] [+2081.2s]    ✓ Fetched 100 findings
[2026-01-29T14:45:49.367Z] [INFO] [+2081.2s]    📈 Total so far: 39200 (77.6%)
[2026-01-29T14:45:52.882Z] [INFO] [+2084.7s] 
📄 Fetching page 393/506...
[2026-01-29T14:45:53.656Z] [INFO] [+2085.5s] ⚡ Rate limit: 12/20 remaining
[2026-01-29T14:45:54.147Z] [✓] [+2085.9s]    ✓ Fetched 100 findings
[2026-01-29T14:45:54.148Z] [INFO] [+2085.9s]    📈 Total so far: 39300 (77.8%)
[2026-01-29T14:45:57.655Z] [INFO] [+2089.5s] 
📄 Fetching page 394/506...
[2026-01-29T14:45:58.582Z] [INFO] [+2090.4s] ⚡ Rate limit: 11/20 remaining
[2026-01-29T14:45:59.220Z] [✓] [+2091.0s]    ✓ Fetched 100 findings
[2026-01-29T14:45:59.222Z] [INFO] [+2091.0s]    📈 Total so far: 39400 (78.0%)
[2026-01-29T14:46:02.725Z] [INFO] [+2094.5s] 
📄 Fetching page 395/506...
[2026-01-29T14:46:03.567Z] [INFO] [+2095.4s] ⚡ Rate limit: 10/20 remaining
[2026-01-29T14:46:03.645Z] [✓] [+2095.4s]    ✓ Fetched 100 findings
[2026-01-29T14:46:03.647Z] [INFO] [+2095.4s]    📈 Total so far: 39500 (78.2%)
[2026-01-29T14:46:07.163Z] [INFO] [+2099.0s] 
📄 Fetching page 396/506...
[2026-01-29T14:46:07.971Z] [INFO] [+2099.8s] ⚡ Rate limit: 9/20 remaining
[2026-01-29T14:46:08.556Z] [✓] [+2100.4s]    ✓ Fetched 100 findings
[2026-01-29T14:46:08.558Z] [INFO] [+2100.4s]    📈 Total so far: 39600 (78.4%)
[2026-01-29T14:46:12.062Z] [INFO] [+2103.9s] 
📄 Fetching page 397/506...
[2026-01-29T14:46:13.493Z] [INFO] [+2105.3s] ⚡ Rate limit: 8/20 remaining
[2026-01-29T14:46:14.081Z] [✓] [+2105.9s]    ✓ Fetched 100 findings
[2026-01-29T14:46:14.083Z] [INFO] [+2105.9s]    📈 Total so far: 39700 (78.6%)
[2026-01-29T14:46:17.589Z] [INFO] [+2109.4s] 
📄 Fetching page 398/506...
[2026-01-29T14:46:18.486Z] [INFO] [+2110.3s] ⚡ Rate limit: 7/20 remaining
[2026-01-29T14:46:19.016Z] [✓] [+2110.8s]    ✓ Fetched 100 findings
[2026-01-29T14:46:19.018Z] [INFO] [+2110.8s]    📈 Total so far: 39800 (78.8%)
[2026-01-29T14:46:22.526Z] [INFO] [+2114.3s] 
📄 Fetching page 399/506...
[2026-01-29T14:46:23.913Z] [INFO] [+2115.7s] ⚡ Rate limit: 19/20 remaining
[2026-01-29T14:46:24.494Z] [✓] [+2116.3s]    ✓ Fetched 100 findings
[2026-01-29T14:46:24.495Z] [INFO] [+2116.3s]    📈 Total so far: 39900 (79.0%)
[2026-01-29T14:46:28.007Z] [INFO] [+2119.8s] 
📄 Fetching page 400/506...
[2026-01-29T14:46:29.817Z] [INFO] [+2121.6s] ⚡ Rate limit: 18/20 remaining
[2026-01-29T14:46:30.242Z] [✓] [+2122.0s]    ✓ Fetched 100 findings
[2026-01-29T14:46:30.243Z] [INFO] [+2122.0s]    📈 Total so far: 40000 (79.2%)
[2026-01-29T14:46:33.925Z] [INFO] [+2125.7s] 💾 Checkpoint saved: Page 400, Total findings: 40000
[2026-01-29T14:46:37.431Z] [INFO] [+2129.2s] 
📄 Fetching page 401/506...
[2026-01-29T14:46:38.558Z] [INFO] [+2130.4s] ⚡ Rate limit: 17/20 remaining
[2026-01-29T14:46:39.213Z] [✓] [+2131.0s]    ✓ Fetched 100 findings
[2026-01-29T14:46:39.214Z] [INFO] [+2131.0s]    📈 Total so far: 40100 (79.4%)
[2026-01-29T14:46:42.730Z] [INFO] [+2134.5s] 
📄 Fetching page 402/506...
[2026-01-29T14:46:43.616Z] [INFO] [+2135.4s] ⚡ Rate limit: 16/20 remaining
[2026-01-29T14:46:44.010Z] [✓] [+2135.8s]    ✓ Fetched 100 findings
[2026-01-29T14:46:44.012Z] [INFO] [+2135.8s]    📈 Total so far: 40200 (79.6%)
[2026-01-29T14:46:47.518Z] [INFO] [+2139.3s] 
📄 Fetching page 403/506...
[2026-01-29T14:46:48.328Z] [INFO] [+2140.1s] ⚡ Rate limit: 15/20 remaining
[2026-01-29T14:46:48.743Z] [✓] [+2140.5s]    ✓ Fetched 100 findings
[2026-01-29T14:46:48.744Z] [INFO] [+2140.5s]    📈 Total so far: 40300 (79.8%)
[2026-01-29T14:46:52.252Z] [INFO] [+2144.0s] 
📄 Fetching page 404/506...
[2026-01-29T14:46:53.089Z] [INFO] [+2144.9s] ⚡ Rate limit: 14/20 remaining
[2026-01-29T14:46:53.737Z] [✓] [+2145.5s]    ✓ Fetched 100 findings
[2026-01-29T14:46:53.738Z] [INFO] [+2145.5s]    📈 Total so far: 40400 (80.0%)
[2026-01-29T14:46:57.240Z] [INFO] [+2149.0s] 
📄 Fetching page 405/506...
[2026-01-29T14:46:58.385Z] [INFO] [+2150.2s] ⚡ Rate limit: 13/20 remaining
[2026-01-29T14:46:58.981Z] [✓] [+2150.8s]    ✓ Fetched 100 findings
[2026-01-29T14:46:58.982Z] [INFO] [+2150.8s]    📈 Total so far: 40500 (80.2%)
[2026-01-29T14:47:02.485Z] [INFO] [+2154.3s] 
📄 Fetching page 406/506...
[2026-01-29T14:47:03.278Z] [INFO] [+2155.1s] ⚡ Rate limit: 12/20 remaining
[2026-01-29T14:47:03.495Z] [✓] [+2155.3s]    ✓ Fetched 100 findings
[2026-01-29T14:47:03.496Z] [INFO] [+2155.3s]    📈 Total so far: 40600 (80.3%)
[2026-01-29T14:47:07.008Z] [INFO] [+2158.8s] 
📄 Fetching page 407/506...
[2026-01-29T14:47:07.899Z] [INFO] [+2159.7s] ⚡ Rate limit: 11/20 remaining
[2026-01-29T14:47:08.314Z] [✓] [+2160.1s]    ✓ Fetched 100 findings
[2026-01-29T14:47:08.316Z] [INFO] [+2160.1s]    📈 Total so far: 40700 (80.5%)
[2026-01-29T14:47:11.831Z] [INFO] [+2163.6s] 
📄 Fetching page 408/506...
[2026-01-29T14:47:12.601Z] [INFO] [+2164.4s] ⚡ Rate limit: 10/20 remaining
[2026-01-29T14:47:13.014Z] [✓] [+2164.8s]    ✓ Fetched 100 findings
[2026-01-29T14:47:13.016Z] [INFO] [+2164.8s]    📈 Total so far: 40800 (80.7%)
[2026-01-29T14:47:16.530Z] [INFO] [+2168.3s] 
📄 Fetching page 409/506...
[2026-01-29T14:47:17.362Z] [INFO] [+2169.2s] ⚡ Rate limit: 9/20 remaining
[2026-01-29T14:47:17.898Z] [✓] [+2169.7s]    ✓ Fetched 100 findings
[2026-01-29T14:47:17.899Z] [INFO] [+2169.7s]    📈 Total so far: 40900 (80.9%)
[2026-01-29T14:47:21.405Z] [INFO] [+2173.2s] 
📄 Fetching page 410/506...
[2026-01-29T14:47:22.215Z] [INFO] [+2174.0s] ⚡ Rate limit: 8/20 remaining
[2026-01-29T14:47:22.624Z] [✓] [+2174.4s]    ✓ Fetched 100 findings
[2026-01-29T14:47:22.625Z] [INFO] [+2174.4s]    📈 Total so far: 41000 (81.1%)
[2026-01-29T14:47:26.129Z] [INFO] [+2177.9s] 
📄 Fetching page 411/506...
[2026-01-29T14:47:26.912Z] [INFO] [+2178.7s] ⚡ Rate limit: 19/20 remaining
[2026-01-29T14:47:26.993Z] [✓] [+2178.8s]    ✓ Fetched 100 findings
[2026-01-29T14:47:26.995Z] [INFO] [+2178.8s]    📈 Total so far: 41100 (81.3%)
[2026-01-29T14:47:30.502Z] [INFO] [+2182.3s] 
📄 Fetching page 412/506...
[2026-01-29T14:47:31.276Z] [INFO] [+2183.1s] ⚡ Rate limit: 18/20 remaining
[2026-01-29T14:47:31.856Z] [✓] [+2183.7s]    ✓ Fetched 100 findings
[2026-01-29T14:47:31.858Z] [INFO] [+2183.7s]    📈 Total so far: 41200 (81.5%)
[2026-01-29T14:47:35.374Z] [INFO] [+2187.2s] 
📄 Fetching page 413/506...
[2026-01-29T14:47:36.158Z] [INFO] [+2188.0s] ⚡ Rate limit: 17/20 remaining
[2026-01-29T14:47:36.604Z] [✓] [+2188.4s]    ✓ Fetched 100 findings
[2026-01-29T14:47:36.605Z] [INFO] [+2188.4s]    📈 Total so far: 41300 (81.7%)
[2026-01-29T14:47:40.115Z] [INFO] [+2191.9s] 
📄 Fetching page 414/506...
[2026-01-29T14:47:40.906Z] [INFO] [+2192.7s] ⚡ Rate limit: 16/20 remaining
[2026-01-29T14:47:40.968Z] [✓] [+2192.8s]    ✓ Fetched 100 findings
[2026-01-29T14:47:40.970Z] [INFO] [+2192.8s]    📈 Total so far: 41400 (81.9%)
[2026-01-29T14:47:44.480Z] [INFO] [+2196.3s] 
📄 Fetching page 415/506...
[2026-01-29T14:47:45.593Z] [INFO] [+2197.4s] ⚡ Rate limit: 15/20 remaining
[2026-01-29T14:47:46.080Z] [✓] [+2197.9s]    ✓ Fetched 100 findings
[2026-01-29T14:47:46.082Z] [INFO] [+2197.9s]    📈 Total so far: 41500 (82.1%)
[2026-01-29T14:47:49.596Z] [INFO] [+2201.4s] 
📄 Fetching page 416/506...
[2026-01-29T14:47:50.338Z] [INFO] [+2202.1s] ⚡ Rate limit: 14/20 remaining
[2026-01-29T14:47:50.576Z] [✓] [+2202.4s]    ✓ Fetched 100 findings
[2026-01-29T14:47:50.578Z] [INFO] [+2202.4s]    📈 Total so far: 41600 (82.3%)
[2026-01-29T14:47:54.086Z] [INFO] [+2205.9s] 
📄 Fetching page 417/506...
[2026-01-29T14:47:54.884Z] [INFO] [+2206.7s] ⚡ Rate limit: 13/20 remaining
[2026-01-29T14:47:55.523Z] [✓] [+2207.3s]    ✓ Fetched 100 findings
[2026-01-29T14:47:55.524Z] [INFO] [+2207.3s]    📈 Total so far: 41700 (82.5%)
[2026-01-29T14:47:59.041Z] [INFO] [+2210.8s] 
📄 Fetching page 418/506...
[2026-01-29T14:47:59.828Z] [INFO] [+2211.6s] ⚡ Rate limit: 12/20 remaining
[2026-01-29T14:48:00.443Z] [✓] [+2212.2s]    ✓ Fetched 100 findings
[2026-01-29T14:48:00.444Z] [INFO] [+2212.2s]    📈 Total so far: 41800 (82.7%)
[2026-01-29T14:48:03.952Z] [INFO] [+2215.7s] 
📄 Fetching page 419/506...
[2026-01-29T14:48:04.735Z] [INFO] [+2216.5s] ⚡ Rate limit: 11/20 remaining
[2026-01-29T14:48:05.142Z] [✓] [+2216.9s]    ✓ Fetched 100 findings
[2026-01-29T14:48:05.143Z] [INFO] [+2216.9s]    📈 Total so far: 41900 (82.9%)
[2026-01-29T14:48:08.659Z] [INFO] [+2220.5s] 
📄 Fetching page 420/506...
[2026-01-29T14:48:09.476Z] [INFO] [+2221.3s] ⚡ Rate limit: 10/20 remaining
[2026-01-29T14:48:09.936Z] [✓] [+2221.7s]    ✓ Fetched 100 findings
[2026-01-29T14:48:09.940Z] [INFO] [+2221.7s]    📈 Total so far: 42000 (83.1%)
[2026-01-29T14:48:13.445Z] [INFO] [+2225.2s] 
📄 Fetching page 421/506...
[2026-01-29T14:48:14.209Z] [INFO] [+2226.0s] ⚡ Rate limit: 9/20 remaining
[2026-01-29T14:48:14.414Z] [✓] [+2226.2s]    ✓ Fetched 100 findings
[2026-01-29T14:48:14.415Z] [INFO] [+2226.2s]    📈 Total so far: 42100 (83.3%)
[2026-01-29T14:48:17.923Z] [INFO] [+2229.7s] 
📄 Fetching page 422/506...
[2026-01-29T14:48:18.720Z] [INFO] [+2230.5s] ⚡ Rate limit: 8/20 remaining
[2026-01-29T14:48:19.134Z] [✓] [+2230.9s]    ✓ Fetched 100 findings
[2026-01-29T14:48:19.136Z] [INFO] [+2230.9s]    📈 Total so far: 42200 (83.5%)
[2026-01-29T14:48:22.652Z] [INFO] [+2234.4s] 
📄 Fetching page 423/506...
[2026-01-29T14:48:23.461Z] [INFO] [+2235.3s] ⚡ Rate limit: 7/20 remaining
[2026-01-29T14:48:23.864Z] [✓] [+2235.7s]    ✓ Fetched 100 findings
[2026-01-29T14:48:23.865Z] [INFO] [+2235.7s]    📈 Total so far: 42300 (83.7%)
[2026-01-29T14:48:27.375Z] [INFO] [+2239.2s] 
📄 Fetching page 424/506...
[2026-01-29T14:48:28.215Z] [INFO] [+2240.0s] ⚡ Rate limit: 19/20 remaining
[2026-01-29T14:48:28.841Z] [✓] [+2240.6s]    ✓ Fetched 100 findings
[2026-01-29T14:48:28.842Z] [INFO] [+2240.6s]    📈 Total so far: 42400 (83.9%)
[2026-01-29T14:48:32.360Z] [INFO] [+2244.2s] 
📄 Fetching page 425/506...
[2026-01-29T14:48:33.502Z] [INFO] [+2245.3s] ⚡ Rate limit: 18/20 remaining
[2026-01-29T14:48:33.900Z] [✓] [+2245.7s]    ✓ Fetched 100 findings
[2026-01-29T14:48:33.902Z] [INFO] [+2245.7s]    📈 Total so far: 42500 (84.1%)
[2026-01-29T14:48:37.408Z] [INFO] [+2249.2s] 
📄 Fetching page 426/506...
[2026-01-29T14:48:38.216Z] [INFO] [+2250.0s] ⚡ Rate limit: 17/20 remaining
[2026-01-29T14:48:38.628Z] [✓] [+2250.4s]    ✓ Fetched 100 findings
[2026-01-29T14:48:38.630Z] [INFO] [+2250.4s]    📈 Total so far: 42600 (84.3%)
[2026-01-29T14:48:42.146Z] [INFO] [+2253.9s] 
📄 Fetching page 427/506...
[2026-01-29T14:48:43.016Z] [INFO] [+2254.8s] ⚡ Rate limit: 16/20 remaining
[2026-01-29T14:48:43.393Z] [✓] [+2255.2s]    ✓ Fetched 100 findings
[2026-01-29T14:48:43.394Z] [INFO] [+2255.2s]    📈 Total so far: 42700 (84.5%)
[2026-01-29T14:48:46.907Z] [INFO] [+2258.7s] 
📄 Fetching page 428/506...
[2026-01-29T14:48:47.847Z] [INFO] [+2259.6s] ⚡ Rate limit: 15/20 remaining
[2026-01-29T14:48:48.070Z] [✓] [+2259.9s]    ✓ Fetched 100 findings
[2026-01-29T14:48:48.071Z] [INFO] [+2259.9s]    📈 Total so far: 42800 (84.7%)
[2026-01-29T14:48:51.577Z] [INFO] [+2263.4s] 
📄 Fetching page 429/506...
[2026-01-29T14:48:52.388Z] [INFO] [+2264.2s] ⚡ Rate limit: 14/20 remaining
[2026-01-29T14:48:52.841Z] [✓] [+2264.6s]    ✓ Fetched 100 findings
[2026-01-29T14:48:52.843Z] [INFO] [+2264.6s]    📈 Total so far: 42900 (84.9%)
[2026-01-29T14:48:56.349Z] [INFO] [+2268.1s] 
📄 Fetching page 430/506...
[2026-01-29T14:48:57.125Z] [INFO] [+2268.9s] ⚡ Rate limit: 13/20 remaining
[2026-01-29T14:48:57.706Z] [✓] [+2269.5s]    ✓ Fetched 100 findings
[2026-01-29T14:48:57.707Z] [INFO] [+2269.5s]    📈 Total so far: 43000 (85.1%)
[2026-01-29T14:49:01.212Z] [INFO] [+2273.0s] 
📄 Fetching page 431/506...
[2026-01-29T14:49:02.073Z] [INFO] [+2273.9s] ⚡ Rate limit: 12/20 remaining
[2026-01-29T14:49:02.329Z] [✓] [+2274.1s]    ✓ Fetched 100 findings
[2026-01-29T14:49:02.331Z] [INFO] [+2274.1s]    📈 Total so far: 43100 (85.3%)
[2026-01-29T14:49:05.844Z] [INFO] [+2277.6s] 
📄 Fetching page 432/506...
[2026-01-29T14:49:06.584Z] [INFO] [+2278.4s] ⚡ Rate limit: 11/20 remaining
[2026-01-29T14:49:07.033Z] [✓] [+2278.8s]    ✓ Fetched 100 findings
[2026-01-29T14:49:07.035Z] [INFO] [+2278.8s]    📈 Total so far: 43200 (85.5%)
[2026-01-29T14:49:10.549Z] [INFO] [+2282.3s] 
📄 Fetching page 433/506...
[2026-01-29T14:49:11.367Z] [INFO] [+2283.2s] ⚡ Rate limit: 10/20 remaining
[2026-01-29T14:49:11.933Z] [✓] [+2283.7s]    ✓ Fetched 100 findings
[2026-01-29T14:49:11.935Z] [INFO] [+2283.7s]    📈 Total so far: 43300 (85.7%)
[2026-01-29T14:49:15.446Z] [INFO] [+2287.2s] 
📄 Fetching page 434/506...
[2026-01-29T14:49:16.246Z] [INFO] [+2288.0s] ⚡ Rate limit: 9/20 remaining
[2026-01-29T14:49:16.679Z] [✓] [+2288.5s]    ✓ Fetched 100 findings
[2026-01-29T14:49:16.680Z] [INFO] [+2288.5s]    📈 Total so far: 43400 (85.9%)
[2026-01-29T14:49:20.193Z] [INFO] [+2292.0s] 
📄 Fetching page 435/506...
[2026-01-29T14:49:20.977Z] [INFO] [+2292.8s] ⚡ Rate limit: 8/20 remaining
[2026-01-29T14:49:21.474Z] [✓] [+2293.3s]    ✓ Fetched 100 findings
[2026-01-29T14:49:21.475Z] [INFO] [+2293.3s]    📈 Total so far: 43500 (86.1%)
[2026-01-29T14:49:24.983Z] [INFO] [+2296.8s] 
📄 Fetching page 436/506...
[2026-01-29T14:49:25.903Z] [INFO] [+2297.7s] ⚡ Rate limit: 7/20 remaining
[2026-01-29T14:49:26.341Z] [✓] [+2298.1s]    ✓ Fetched 100 findings
[2026-01-29T14:49:26.342Z] [INFO] [+2298.1s]    📈 Total so far: 43600 (86.3%)
[2026-01-29T14:49:29.856Z] [INFO] [+2301.7s] 
📄 Fetching page 437/506...
[2026-01-29T14:49:30.823Z] [INFO] [+2302.6s] ⚡ Rate limit: 19/20 remaining
[2026-01-29T14:49:31.326Z] [✓] [+2303.1s]    ✓ Fetched 100 findings
[2026-01-29T14:49:31.327Z] [INFO] [+2303.1s]    📈 Total so far: 43700 (86.5%)
[2026-01-29T14:49:34.843Z] [INFO] [+2306.6s] 
📄 Fetching page 438/506...
[2026-01-29T14:49:35.695Z] [INFO] [+2307.5s] ⚡ Rate limit: 18/20 remaining
[2026-01-29T14:49:36.287Z] [✓] [+2308.1s]    ✓ Fetched 100 findings
[2026-01-29T14:49:36.288Z] [INFO] [+2308.1s]    📈 Total so far: 43800 (86.7%)
[2026-01-29T14:49:39.795Z] [INFO] [+2311.6s] 
📄 Fetching page 439/506...
[2026-01-29T14:49:40.844Z] [INFO] [+2312.6s] ⚡ Rate limit: 17/20 remaining
[2026-01-29T14:49:41.279Z] [✓] [+2313.1s]    ✓ Fetched 100 findings
[2026-01-29T14:49:41.280Z] [INFO] [+2313.1s]    📈 Total so far: 43900 (86.9%)
[2026-01-29T14:49:44.782Z] [INFO] [+2316.6s] 
📄 Fetching page 440/506...
[2026-01-29T14:49:45.565Z] [INFO] [+2317.4s] ⚡ Rate limit: 16/20 remaining
[2026-01-29T14:49:46.179Z] [✓] [+2318.0s]    ✓ Fetched 100 findings
[2026-01-29T14:49:46.181Z] [INFO] [+2318.0s]    📈 Total so far: 44000 (87.1%)
[2026-01-29T14:49:49.690Z] [INFO] [+2321.5s] 
📄 Fetching page 441/506...
[2026-01-29T14:49:50.484Z] [INFO] [+2322.3s] ⚡ Rate limit: 15/20 remaining
[2026-01-29T14:49:51.100Z] [✓] [+2322.9s]    ✓ Fetched 100 findings
[2026-01-29T14:49:51.117Z] [INFO] [+2322.9s]    📈 Total so far: 44100 (87.3%)
[2026-01-29T14:49:54.621Z] [INFO] [+2326.4s] 
📄 Fetching page 442/506...
[2026-01-29T14:49:55.520Z] [INFO] [+2327.3s] ⚡ Rate limit: 14/20 remaining
[2026-01-29T14:49:56.115Z] [✓] [+2327.9s]    ✓ Fetched 100 findings
[2026-01-29T14:49:56.117Z] [INFO] [+2327.9s]    📈 Total so far: 44200 (87.5%)
[2026-01-29T14:49:59.622Z] [INFO] [+2331.4s] 
📄 Fetching page 443/506...
[2026-01-29T14:50:00.402Z] [INFO] [+2332.2s] ⚡ Rate limit: 13/20 remaining
[2026-01-29T14:50:00.981Z] [✓] [+2332.8s]    ✓ Fetched 100 findings
[2026-01-29T14:50:00.983Z] [INFO] [+2332.8s]    📈 Total so far: 44300 (87.7%)
[2026-01-29T14:50:04.491Z] [INFO] [+2336.3s] 
📄 Fetching page 444/506...
[2026-01-29T14:50:05.461Z] [INFO] [+2337.3s] ⚡ Rate limit: 12/20 remaining
[2026-01-29T14:50:05.708Z] [✓] [+2337.5s]    ✓ Fetched 100 findings
[2026-01-29T14:50:05.709Z] [INFO] [+2337.5s]    📈 Total so far: 44400 (87.9%)
[2026-01-29T14:50:09.217Z] [INFO] [+2341.0s] 
📄 Fetching page 445/506...
[2026-01-29T14:50:10.001Z] [INFO] [+2341.8s] ⚡ Rate limit: 11/20 remaining
[2026-01-29T14:50:10.396Z] [✓] [+2342.2s]    ✓ Fetched 100 findings
[2026-01-29T14:50:10.397Z] [INFO] [+2342.2s]    📈 Total so far: 44500 (88.1%)
[2026-01-29T14:50:13.914Z] [INFO] [+2345.7s] 
📄 Fetching page 446/506...
[2026-01-29T14:50:14.760Z] [INFO] [+2346.6s] ⚡ Rate limit: 10/20 remaining
[2026-01-29T14:50:14.972Z] [✓] [+2346.8s]    ✓ Fetched 100 findings
[2026-01-29T14:50:14.973Z] [INFO] [+2346.8s]    📈 Total so far: 44600 (88.3%)
[2026-01-29T14:50:18.483Z] [INFO] [+2350.3s] 
📄 Fetching page 447/506...
[2026-01-29T14:50:19.792Z] [INFO] [+2351.6s] ⚡ Rate limit: 9/20 remaining
[2026-01-29T14:50:20.037Z] [✓] [+2351.8s]    ✓ Fetched 100 findings
[2026-01-29T14:50:20.039Z] [INFO] [+2351.8s]    📈 Total so far: 44700 (88.5%)
[2026-01-29T14:50:23.550Z] [INFO] [+2355.3s] 
📄 Fetching page 448/506...
[2026-01-29T14:50:24.666Z] [INFO] [+2356.5s] ⚡ Rate limit: 8/20 remaining
[2026-01-29T14:50:25.280Z] [✓] [+2357.1s]    ✓ Fetched 100 findings
[2026-01-29T14:50:25.282Z] [INFO] [+2357.1s]    📈 Total so far: 44800 (88.7%)
[2026-01-29T14:50:28.797Z] [INFO] [+2360.6s] 
📄 Fetching page 449/506...
[2026-01-29T14:50:29.640Z] [INFO] [+2361.4s] ⚡ Rate limit: 7/20 remaining
[2026-01-29T14:50:30.238Z] [✓] [+2362.0s]    ✓ Fetched 100 findings
[2026-01-29T14:50:30.239Z] [INFO] [+2362.0s]    📈 Total so far: 44900 (88.9%)
[2026-01-29T14:50:33.750Z] [INFO] [+2365.5s] 
📄 Fetching page 450/506...
[2026-01-29T14:50:34.634Z] [INFO] [+2366.4s] ⚡ Rate limit: 19/20 remaining
[2026-01-29T14:50:35.251Z] [✓] [+2367.0s]    ✓ Fetched 100 findings
[2026-01-29T14:50:35.253Z] [INFO] [+2367.1s]    📈 Total so far: 45000 (89.1%)
[2026-01-29T14:50:39.355Z] [INFO] [+2371.2s] 💾 Checkpoint saved: Page 450, Total findings: 45000
[2026-01-29T14:50:42.862Z] [INFO] [+2374.7s] 
📄 Fetching page 451/506...
[2026-01-29T14:50:44.557Z] [INFO] [+2376.4s] ⚡ Rate limit: 18/20 remaining
[2026-01-29T14:50:44.999Z] [✓] [+2376.8s]    ✓ Fetched 100 findings
[2026-01-29T14:50:45.000Z] [INFO] [+2376.8s]    📈 Total so far: 45100 (89.3%)
[2026-01-29T14:50:48.504Z] [INFO] [+2380.3s] 
📄 Fetching page 452/506...
[2026-01-29T14:50:49.386Z] [INFO] [+2381.2s] ⚡ Rate limit: 17/20 remaining
[2026-01-29T14:50:50.011Z] [✓] [+2381.8s]    ✓ Fetched 100 findings
[2026-01-29T14:50:50.012Z] [INFO] [+2381.8s]    📈 Total so far: 45200 (89.5%)
[2026-01-29T14:50:53.517Z] [INFO] [+2385.3s] 
📄 Fetching page 453/506...
[2026-01-29T14:50:54.359Z] [INFO] [+2386.2s] ⚡ Rate limit: 16/20 remaining
[2026-01-29T14:50:54.803Z] [✓] [+2386.6s]    ✓ Fetched 100 findings
[2026-01-29T14:50:54.804Z] [INFO] [+2386.6s]    📈 Total so far: 45300 (89.6%)
[2026-01-29T14:50:58.310Z] [INFO] [+2390.1s] 
📄 Fetching page 454/506...
[2026-01-29T14:50:59.178Z] [INFO] [+2391.0s] ⚡ Rate limit: 15/20 remaining
[2026-01-29T14:50:59.671Z] [✓] [+2391.5s]    ✓ Fetched 100 findings
[2026-01-29T14:50:59.672Z] [INFO] [+2391.5s]    📈 Total so far: 45400 (89.8%)
[2026-01-29T14:51:03.184Z] [INFO] [+2395.0s] 
📄 Fetching page 455/506...
[2026-01-29T14:51:04.348Z] [INFO] [+2396.1s] ⚡ Rate limit: 14/20 remaining
[2026-01-29T14:51:04.863Z] [✓] [+2396.7s]    ✓ Fetched 100 findings
[2026-01-29T14:51:04.868Z] [INFO] [+2396.7s]    📈 Total so far: 45500 (90.0%)
[2026-01-29T14:51:08.370Z] [INFO] [+2400.2s] 
📄 Fetching page 456/506...
[2026-01-29T14:51:09.257Z] [INFO] [+2401.1s] ⚡ Rate limit: 13/20 remaining
[2026-01-29T14:51:09.861Z] [✓] [+2401.7s]    ✓ Fetched 100 findings
[2026-01-29T14:51:09.863Z] [INFO] [+2401.7s]    📈 Total so far: 45600 (90.2%)
[2026-01-29T14:51:13.376Z] [INFO] [+2405.2s] 
📄 Fetching page 457/506...
[2026-01-29T14:51:14.526Z] [INFO] [+2406.3s] ⚡ Rate limit: 12/20 remaining
[2026-01-29T14:51:15.190Z] [✓] [+2407.0s]    ✓ Fetched 100 findings
[2026-01-29T14:51:15.191Z] [INFO] [+2407.0s]    📈 Total so far: 45700 (90.4%)
[2026-01-29T14:51:18.702Z] [INFO] [+2410.5s] 
📄 Fetching page 458/506...
[2026-01-29T14:51:19.497Z] [INFO] [+2411.3s] ⚡ Rate limit: 11/20 remaining
[2026-01-29T14:51:19.761Z] [✓] [+2411.6s]    ✓ Fetched 100 findings
[2026-01-29T14:51:19.764Z] [INFO] [+2411.6s]    📈 Total so far: 45800 (90.6%)
[2026-01-29T14:51:23.281Z] [INFO] [+2415.1s] 
📄 Fetching page 459/506...
[2026-01-29T14:51:24.227Z] [INFO] [+2416.0s] ⚡ Rate limit: 10/20 remaining
[2026-01-29T14:51:24.893Z] [✓] [+2416.7s]    ✓ Fetched 100 findings
[2026-01-29T14:51:24.895Z] [INFO] [+2416.7s]    📈 Total so far: 45900 (90.8%)
[2026-01-29T14:51:28.411Z] [INFO] [+2420.2s] 
📄 Fetching page 460/506...
[2026-01-29T14:51:29.213Z] [INFO] [+2421.0s] ⚡ Rate limit: 9/20 remaining
[2026-01-29T14:51:29.675Z] [✓] [+2421.5s]    ✓ Fetched 100 findings
[2026-01-29T14:51:29.677Z] [INFO] [+2421.5s]    📈 Total so far: 46000 (91.0%)
[2026-01-29T14:51:33.186Z] [INFO] [+2425.0s] 
📄 Fetching page 461/506...
[2026-01-29T14:51:34.071Z] [INFO] [+2425.9s] ⚡ Rate limit: 8/20 remaining
[2026-01-29T14:51:34.558Z] [✓] [+2426.4s]    ✓ Fetched 100 findings
[2026-01-29T14:51:34.560Z] [INFO] [+2426.4s]    📈 Total so far: 46100 (91.2%)
[2026-01-29T14:51:38.067Z] [INFO] [+2429.9s] 
📄 Fetching page 462/506...
[2026-01-29T14:51:38.977Z] [INFO] [+2430.8s] ⚡ Rate limit: 19/20 remaining
[2026-01-29T14:51:39.431Z] [✓] [+2431.2s]    ✓ Fetched 100 findings
[2026-01-29T14:51:39.432Z] [INFO] [+2431.2s]    📈 Total so far: 46200 (91.4%)
[2026-01-29T14:51:42.946Z] [INFO] [+2434.7s] 
📄 Fetching page 463/506...
[2026-01-29T14:51:43.888Z] [INFO] [+2435.7s] ⚡ Rate limit: 18/20 remaining
[2026-01-29T14:51:44.347Z] [✓] [+2436.1s]    ✓ Fetched 100 findings
[2026-01-29T14:51:44.349Z] [INFO] [+2436.1s]    📈 Total so far: 46300 (91.6%)
[2026-01-29T14:51:47.855Z] [INFO] [+2439.7s] 
📄 Fetching page 464/506...
[2026-01-29T14:51:48.713Z] [INFO] [+2440.5s] ⚡ Rate limit: 17/20 remaining
[2026-01-29T14:51:49.202Z] [✓] [+2441.0s]    ✓ Fetched 100 findings
[2026-01-29T14:51:49.203Z] [INFO] [+2441.0s]    📈 Total so far: 46400 (91.8%)
[2026-01-29T14:51:52.707Z] [INFO] [+2444.5s] 
📄 Fetching page 465/506...
[2026-01-29T14:51:53.591Z] [INFO] [+2445.4s] ⚡ Rate limit: 16/20 remaining
[2026-01-29T14:51:54.257Z] [✓] [+2446.1s]    ✓ Fetched 100 findings
[2026-01-29T14:51:54.258Z] [INFO] [+2446.1s]    📈 Total so far: 46500 (92.0%)
[2026-01-29T14:51:57.774Z] [INFO] [+2449.6s] 
📄 Fetching page 466/506...
[2026-01-29T14:51:58.598Z] [INFO] [+2450.4s] ⚡ Rate limit: 15/20 remaining
[2026-01-29T14:51:59.055Z] [✓] [+2450.9s]    ✓ Fetched 100 findings
[2026-01-29T14:51:59.057Z] [INFO] [+2450.9s]    📈 Total so far: 46600 (92.2%)
[2026-01-29T14:52:02.565Z] [INFO] [+2454.4s] 
📄 Fetching page 467/506...
[2026-01-29T14:52:03.378Z] [INFO] [+2455.2s] ⚡ Rate limit: 14/20 remaining
[2026-01-29T14:52:03.710Z] [✓] [+2455.5s]    ✓ Fetched 100 findings
[2026-01-29T14:52:03.711Z] [INFO] [+2455.5s]    📈 Total so far: 46700 (92.4%)
[2026-01-29T14:52:07.222Z] [INFO] [+2459.0s] 
📄 Fetching page 468/506...
[2026-01-29T14:52:08.236Z] [INFO] [+2460.0s] ⚡ Rate limit: 13/20 remaining
[2026-01-29T14:52:08.771Z] [✓] [+2460.6s]    ✓ Fetched 100 findings
[2026-01-29T14:52:08.772Z] [INFO] [+2460.6s]    📈 Total so far: 46800 (92.6%)
[2026-01-29T14:52:12.275Z] [INFO] [+2464.1s] 
📄 Fetching page 469/506...
[2026-01-29T14:52:13.017Z] [INFO] [+2464.8s] ⚡ Rate limit: 12/20 remaining
[2026-01-29T14:52:13.162Z] [✓] [+2465.0s]    ✓ Fetched 100 findings
[2026-01-29T14:52:13.164Z] [INFO] [+2465.0s]    📈 Total so far: 46900 (92.8%)
[2026-01-29T14:52:16.671Z] [INFO] [+2468.5s] 
📄 Fetching page 470/506...
[2026-01-29T14:52:17.812Z] [INFO] [+2469.6s] ⚡ Rate limit: 11/20 remaining
[2026-01-29T14:52:17.971Z] [✓] [+2469.8s]    ✓ Fetched 100 findings
[2026-01-29T14:52:17.973Z] [INFO] [+2469.8s]    📈 Total so far: 47000 (93.0%)
[2026-01-29T14:52:21.476Z] [INFO] [+2473.3s] 
📄 Fetching page 471/506...
[2026-01-29T14:52:22.276Z] [INFO] [+2474.1s] ⚡ Rate limit: 10/20 remaining
[2026-01-29T14:52:22.745Z] [✓] [+2474.5s]    ✓ Fetched 100 findings
[2026-01-29T14:52:22.746Z] [INFO] [+2474.5s]    📈 Total so far: 47100 (93.2%)
[2026-01-29T14:52:26.252Z] [INFO] [+2478.1s] 
📄 Fetching page 472/506...
[2026-01-29T14:52:27.063Z] [INFO] [+2478.9s] ⚡ Rate limit: 9/20 remaining
[2026-01-29T14:52:28.882Z] [✓] [+2480.7s]    ✓ Fetched 100 findings
[2026-01-29T14:52:28.884Z] [INFO] [+2480.7s]    📈 Total so far: 47200 (93.4%)
[2026-01-29T14:52:32.396Z] [INFO] [+2484.2s] 
📄 Fetching page 473/506...
[2026-01-29T14:52:33.436Z] [INFO] [+2485.2s] ⚡ Rate limit: 8/20 remaining
[2026-01-29T14:52:33.834Z] [✓] [+2485.6s]    ✓ Fetched 100 findings
[2026-01-29T14:52:33.835Z] [INFO] [+2485.6s]    📈 Total so far: 47300 (93.6%)
[2026-01-29T14:52:37.339Z] [INFO] [+2489.1s] 
📄 Fetching page 474/506...
[2026-01-29T14:52:38.114Z] [INFO] [+2489.9s] ⚡ Rate limit: 7/20 remaining
[2026-01-29T14:52:38.547Z] [✓] [+2490.3s]    ✓ Fetched 100 findings
[2026-01-29T14:52:38.549Z] [INFO] [+2490.3s]    📈 Total so far: 47400 (93.8%)
[2026-01-29T14:52:42.057Z] [INFO] [+2493.9s] 
📄 Fetching page 475/506...
[2026-01-29T14:52:42.881Z] [INFO] [+2494.7s] ⚡ Rate limit: 19/20 remaining
[2026-01-29T14:52:43.501Z] [✓] [+2495.3s]    ✓ Fetched 100 findings
[2026-01-29T14:52:43.502Z] [INFO] [+2495.3s]    📈 Total so far: 47500 (94.0%)
[2026-01-29T14:52:47.017Z] [INFO] [+2498.8s] 
📄 Fetching page 476/506...
[2026-01-29T14:52:47.883Z] [INFO] [+2499.7s] ⚡ Rate limit: 18/20 remaining
[2026-01-29T14:52:48.485Z] [✓] [+2500.3s]    ✓ Fetched 100 findings
[2026-01-29T14:52:48.486Z] [INFO] [+2500.3s]    📈 Total so far: 47600 (94.2%)
[2026-01-29T14:52:51.990Z] [INFO] [+2503.8s] 
📄 Fetching page 477/506...
[2026-01-29T14:52:52.825Z] [INFO] [+2504.6s] ⚡ Rate limit: 17/20 remaining
[2026-01-29T14:52:53.478Z] [✓] [+2505.3s]    ✓ Fetched 100 findings
[2026-01-29T14:52:53.479Z] [INFO] [+2505.3s]    📈 Total so far: 47700 (94.4%)
[2026-01-29T14:52:56.987Z] [INFO] [+2508.8s] 
📄 Fetching page 478/506...
[2026-01-29T14:52:58.022Z] [INFO] [+2509.8s] ⚡ Rate limit: 16/20 remaining
[2026-01-29T14:52:58.501Z] [✓] [+2510.3s]    ✓ Fetched 100 findings
[2026-01-29T14:52:58.503Z] [INFO] [+2510.3s]    📈 Total so far: 47800 (94.6%)
[2026-01-29T14:53:02.009Z] [INFO] [+2513.8s] 
📄 Fetching page 479/506...
[2026-01-29T14:53:02.931Z] [INFO] [+2514.7s] ⚡ Rate limit: 15/20 remaining
[2026-01-29T14:53:05.384Z] [✓] [+2517.2s]    ✓ Fetched 100 findings
[2026-01-29T14:53:05.385Z] [INFO] [+2517.2s]    📈 Total so far: 47900 (94.8%)
[2026-01-29T14:53:08.900Z] [INFO] [+2520.7s] 
📄 Fetching page 480/506...
[2026-01-29T14:53:09.675Z] [INFO] [+2521.5s] ⚡ Rate limit: 14/20 remaining
[2026-01-29T14:53:10.235Z] [✓] [+2522.0s]    ✓ Fetched 100 findings
[2026-01-29T14:53:10.236Z] [INFO] [+2522.0s]    📈 Total so far: 48000 (95.0%)
[2026-01-29T14:53:13.753Z] [INFO] [+2525.6s] 
📄 Fetching page 481/506...
[2026-01-29T14:53:15.135Z] [INFO] [+2526.9s] ⚡ Rate limit: 13/20 remaining
[2026-01-29T14:53:15.863Z] [✓] [+2527.7s]    ✓ Fetched 100 findings
[2026-01-29T14:53:15.864Z] [INFO] [+2527.7s]    📈 Total so far: 48100 (95.2%)
[2026-01-29T14:53:19.373Z] [INFO] [+2531.2s] 
📄 Fetching page 482/506...
[2026-01-29T14:53:20.463Z] [INFO] [+2532.3s] ⚡ Rate limit: 12/20 remaining
[2026-01-29T14:53:21.048Z] [✓] [+2532.8s]    ✓ Fetched 100 findings
[2026-01-29T14:53:21.070Z] [INFO] [+2532.9s]    📈 Total so far: 48200 (95.4%)
[2026-01-29T14:53:24.583Z] [INFO] [+2536.4s] 
📄 Fetching page 483/506...
[2026-01-29T14:53:25.354Z] [INFO] [+2537.2s] ⚡ Rate limit: 11/20 remaining
[2026-01-29T14:53:25.837Z] [✓] [+2537.6s]    ✓ Fetched 100 findings
[2026-01-29T14:53:25.839Z] [INFO] [+2537.6s]    📈 Total so far: 48300 (95.6%)
[2026-01-29T14:53:29.347Z] [INFO] [+2541.1s] 
📄 Fetching page 484/506...
[2026-01-29T14:53:30.346Z] [INFO] [+2542.1s] ⚡ Rate limit: 10/20 remaining
[2026-01-29T14:53:30.824Z] [✓] [+2542.6s]    ✓ Fetched 100 findings
[2026-01-29T14:53:30.825Z] [INFO] [+2542.6s]    📈 Total so far: 48400 (95.8%)
[2026-01-29T14:53:34.338Z] [INFO] [+2546.1s] 
📄 Fetching page 485/506...
[2026-01-29T14:53:35.455Z] [INFO] [+2547.3s] ⚡ Rate limit: 9/20 remaining
[2026-01-29T14:53:36.149Z] [✓] [+2547.9s]    ✓ Fetched 100 findings
[2026-01-29T14:53:36.151Z] [INFO] [+2547.9s]    📈 Total so far: 48500 (96.0%)
[2026-01-29T14:53:39.656Z] [INFO] [+2551.5s] 
📄 Fetching page 486/506...
[2026-01-29T14:53:40.542Z] [INFO] [+2552.3s] ⚡ Rate limit: 8/20 remaining
[2026-01-29T14:53:41.109Z] [✓] [+2552.9s]    ✓ Fetched 100 findings
[2026-01-29T14:53:41.111Z] [INFO] [+2552.9s]    📈 Total so far: 48600 (96.2%)
[2026-01-29T14:53:44.625Z] [INFO] [+2556.4s] 
📄 Fetching page 487/506...
[2026-01-29T14:53:45.368Z] [INFO] [+2557.2s] ⚡ Rate limit: 19/20 remaining
[2026-01-29T14:53:45.652Z] [✓] [+2557.4s]    ✓ Fetched 100 findings
[2026-01-29T14:53:45.653Z] [INFO] [+2557.4s]    📈 Total so far: 48700 (96.4%)
[2026-01-29T14:53:49.162Z] [INFO] [+2561.0s] 
📄 Fetching page 488/506...
[2026-01-29T14:53:49.954Z] [INFO] [+2561.8s] ⚡ Rate limit: 18/20 remaining
[2026-01-29T14:53:50.563Z] [✓] [+2562.4s]    ✓ Fetched 100 findings
[2026-01-29T14:53:50.565Z] [INFO] [+2562.4s]    📈 Total so far: 48800 (96.6%)
[2026-01-29T14:53:54.071Z] [INFO] [+2565.9s] 
📄 Fetching page 489/506...
[2026-01-29T14:53:55.518Z] [INFO] [+2567.3s] ⚡ Rate limit: 17/20 remaining
[2026-01-29T14:53:56.395Z] [✓] [+2568.2s]    ✓ Fetched 100 findings
[2026-01-29T14:53:56.397Z] [INFO] [+2568.2s]    📈 Total so far: 48900 (96.8%)
[2026-01-29T14:53:59.902Z] [INFO] [+2571.7s] 
📄 Fetching page 490/506...
[2026-01-29T14:54:01.086Z] [INFO] [+2572.9s] ⚡ Rate limit: 16/20 remaining
[2026-01-29T14:54:01.670Z] [✓] [+2573.5s]    ✓ Fetched 100 findings
[2026-01-29T14:54:01.672Z] [INFO] [+2573.5s]    📈 Total so far: 49000 (97.0%)
[2026-01-29T14:54:05.187Z] [INFO] [+2577.0s] 
📄 Fetching page 491/506...
[2026-01-29T14:54:05.977Z] [INFO] [+2577.8s] ⚡ Rate limit: 15/20 remaining
[2026-01-29T14:54:06.473Z] [✓] [+2578.3s]    ✓ Fetched 100 findings
[2026-01-29T14:54:06.475Z] [INFO] [+2578.3s]    📈 Total so far: 49100 (97.2%)
[2026-01-29T14:54:09.983Z] [INFO] [+2581.8s] 
📄 Fetching page 492/506...
[2026-01-29T14:54:10.846Z] [INFO] [+2582.6s] ⚡ Rate limit: 14/20 remaining
[2026-01-29T14:54:11.414Z] [✓] [+2583.2s]    ✓ Fetched 100 findings
[2026-01-29T14:54:11.421Z] [INFO] [+2583.2s]    📈 Total so far: 49200 (97.4%)
[2026-01-29T14:54:14.928Z] [INFO] [+2586.7s] 
📄 Fetching page 493/506...
[2026-01-29T14:54:15.769Z] [INFO] [+2587.6s] ⚡ Rate limit: 13/20 remaining
[2026-01-29T14:54:16.361Z] [✓] [+2588.2s]    ✓ Fetched 100 findings
[2026-01-29T14:54:16.363Z] [INFO] [+2588.2s]    📈 Total so far: 49300 (97.6%)
[2026-01-29T14:54:19.872Z] [INFO] [+2591.7s] 
📄 Fetching page 494/506...
[2026-01-29T14:54:20.626Z] [INFO] [+2592.4s] ⚡ Rate limit: 12/20 remaining
[2026-01-29T14:54:20.770Z] [✓] [+2592.6s]    ✓ Fetched 100 findings
[2026-01-29T14:54:20.771Z] [INFO] [+2592.6s]    📈 Total so far: 49400 (97.8%)
[2026-01-29T14:54:24.285Z] [INFO] [+2596.1s] 
📄 Fetching page 495/506...
[2026-01-29T14:54:25.150Z] [INFO] [+2596.9s] ⚡ Rate limit: 11/20 remaining
[2026-01-29T14:54:26.525Z] [✓] [+2598.3s]    ✓ Fetched 100 findings
[2026-01-29T14:54:26.526Z] [INFO] [+2598.3s]    📈 Total so far: 49500 (98.0%)
[2026-01-29T14:54:30.033Z] [INFO] [+2601.8s] 
📄 Fetching page 496/506...
[2026-01-29T14:54:31.157Z] [INFO] [+2603.0s] ⚡ Rate limit: 10/20 remaining
[2026-01-29T14:54:31.753Z] [✓] [+2603.6s]    ✓ Fetched 100 findings
[2026-01-29T14:54:31.753Z] [INFO] [+2603.6s]    📈 Total so far: 49600 (98.2%)
[2026-01-29T14:54:35.254Z] [INFO] [+2607.1s] 
📄 Fetching page 497/506...
[2026-01-29T14:54:36.091Z] [INFO] [+2607.9s] ⚡ Rate limit: 9/20 remaining
[2026-01-29T14:54:36.732Z] [✓] [+2608.5s]    ✓ Fetched 100 findings
[2026-01-29T14:54:36.736Z] [INFO] [+2608.5s]    📈 Total so far: 49700 (98.4%)
[2026-01-29T14:54:40.244Z] [INFO] [+2612.0s] 
📄 Fetching page 498/506...
[2026-01-29T14:54:41.326Z] [INFO] [+2613.1s] ⚡ Rate limit: 8/20 remaining
[2026-01-29T14:54:41.972Z] [✓] [+2613.8s]    ✓ Fetched 100 findings
[2026-01-29T14:54:41.974Z] [INFO] [+2613.8s]    📈 Total so far: 49800 (98.6%)
[2026-01-29T14:54:45.488Z] [INFO] [+2617.3s] 
📄 Fetching page 499/506...
[2026-01-29T14:54:46.483Z] [INFO] [+2618.3s] ⚡ Rate limit: 19/20 remaining
[2026-01-29T14:54:46.674Z] [✓] [+2618.5s]    ✓ Fetched 100 findings
[2026-01-29T14:54:46.676Z] [INFO] [+2618.5s]    📈 Total so far: 49900 (98.8%)
[2026-01-29T14:54:50.193Z] [INFO] [+2622.0s] 
📄 Fetching page 500/506...
[2026-01-29T14:54:51.351Z] [INFO] [+2623.1s] ⚡ Rate limit: 18/20 remaining
[2026-01-29T14:54:51.832Z] [✓] [+2623.6s]    ✓ Fetched 100 findings
[2026-01-29T14:54:51.833Z] [INFO] [+2623.6s]    📈 Total so far: 50000 (99.0%)
[2026-01-29T14:54:56.695Z] [INFO] [+2628.5s] 💾 Checkpoint saved: Page 500, Total findings: 50000
[2026-01-29T14:55:00.207Z] [INFO] [+2632.0s] 
📄 Fetching page 501/506...
[2026-01-29T14:55:01.951Z] [INFO] [+2633.7s] ⚡ Rate limit: 17/20 remaining
[2026-01-29T14:55:02.552Z] [✓] [+2634.3s]    ✓ Fetched 100 findings
[2026-01-29T14:55:02.554Z] [INFO] [+2634.4s]    📈 Total so far: 50100 (99.1%)
[2026-01-29T14:55:06.066Z] [INFO] [+2637.9s] 
📄 Fetching page 502/506...
[2026-01-29T14:55:07.540Z] [INFO] [+2639.3s] ⚡ Rate limit: 16/20 remaining
[2026-01-29T14:55:08.156Z] [✓] [+2640.0s]    ✓ Fetched 100 findings
[2026-01-29T14:55:08.158Z] [INFO] [+2640.0s]    📈 Total so far: 50200 (99.3%)
[2026-01-29T14:55:11.669Z] [INFO] [+2643.5s] 
📄 Fetching page 503/506...
[2026-01-29T14:55:12.522Z] [INFO] [+2644.3s] ⚡ Rate limit: 15/20 remaining
[2026-01-29T14:55:12.934Z] [✓] [+2644.7s]    ✓ Fetched 100 findings
[2026-01-29T14:55:12.938Z] [INFO] [+2644.7s]    📈 Total so far: 50300 (99.5%)
[2026-01-29T14:55:16.459Z] [INFO] [+2648.3s] 
📄 Fetching page 504/506...
[2026-01-29T14:55:17.283Z] [INFO] [+2649.1s] ⚡ Rate limit: 14/20 remaining
[2026-01-29T14:55:17.771Z] [✓] [+2649.6s]    ✓ Fetched 100 findings
[2026-01-29T14:55:17.773Z] [INFO] [+2649.6s]    📈 Total so far: 50400 (99.7%)
[2026-01-29T14:55:21.277Z] [INFO] [+2653.1s] 
📄 Fetching page 505/506...
[2026-01-29T14:55:22.060Z] [INFO] [+2653.9s] ⚡ Rate limit: 13/20 remaining
[2026-01-29T14:55:22.243Z] [✓] [+2654.0s]    ✓ Fetched 100 findings
[2026-01-29T14:55:22.247Z] [INFO] [+2654.0s]    📈 Total so far: 50500 (99.9%)
[2026-01-29T14:55:25.771Z] [INFO] [+2657.6s] 
📄 Fetching page 506/506...
[2026-01-29T14:55:26.600Z] [INFO] [+2658.4s] ⚡ Rate limit: 12/20 remaining
[2026-01-29T14:55:26.819Z] [✓] [+2658.6s]    ✓ Fetched 30 findings
[2026-01-29T14:55:26.820Z] [INFO] [+2658.6s]    📈 Total so far: 50530 (100.0%)
[2026-01-29T14:55:26.821Z] [INFO] [+2658.6s] ✅ Reached final page
[2026-01-29T14:55:26.822Z] [INFO] [+2658.6s] 
💾 Saving all data...
[2026-01-29T14:55:31.164Z] [✓] [+2663.0s] 💾 Saved 50530 findings to D:\SHIRO FOLDER\WEB 3 AUDIT PLUGIN\DATA\raw\all_findings.json
[2026-01-29T14:55:31.475Z] [✓] [+2663.3s] 💾 Saved metadata to D:\SHIRO FOLDER\WEB 3 AUDIT PLUGIN\DATA\raw\metadata.json
[2026-01-29T14:55:31.488Z] [INFO] [+2663.3s] 
============================================================
[2026-01-29T14:55:31.489Z] [✓] [+2663.3s] 🎉 EXTRACTION COMPLETE!
[2026-01-29T14:55:31.492Z] [INFO] [+2663.3s] ============================================================
[2026-01-29T14:55:31.494Z] [INFO] [+2663.3s] 📊 Summary:
[2026-01-29T14:55:31.505Z] [INFO] [+2663.3s]    - Total findings: 50530
[2026-01-29T14:55:31.512Z] [INFO] [+2663.3s]    - Pages processed: 505
[2026-01-29T14:55:31.518Z] [INFO] [+2663.3s]    - API requests: 506
[2026-01-29T14:55:31.520Z] [INFO] [+2663.3s]    - Errors: 0
[2026-01-29T14:55:31.526Z] [INFO] [+2663.3s]    - Duplicates skipped: 0
[2026-01-29T14:55:31.529Z] [INFO] [+2663.3s]    - Duration: 44.39 minutes
[2026-01-29T14:55:31.538Z] [INFO] [+2663.3s]    - Unique tags: 207
[2026-01-29T14:55:31.542Z] [INFO] [+2663.3s]    - Audit firms: 30
[2026-01-29T14:55:31.549Z] [INFO] [+2663.3s]    - Protocols: 2844
[2026-01-29T14:55:31.551Z] [INFO] [+2663.3s] ============================================================

[2026-01-29T14:55:31.553Z] [INFO] [+2663.4s] 🔝 Top 10 Vulnerability Types:
[2026-01-29T14:55:31.561Z] [INFO] [+2663.4s]    1. Business Logic: 234 (0.46%)
[2026-01-29T14:55:31.563Z] [INFO] [+2663.4s]    2. Validation: 127 (0.25%)
[2026-01-29T14:55:31.565Z] [INFO] [+2663.4s]    3. Wrong Math: 107 (0.21%)
[2026-01-29T14:55:31.567Z] [INFO] [+2663.4s]    4. Front-Running: 106 (0.21%)
[2026-01-29T14:55:31.569Z] [INFO] [+2663.4s]    5. Fee On Transfer: 66 (0.13%)
[2026-01-29T14:55:31.571Z] [INFO] [+2663.4s]    6. DOS: 66 (0.13%)
[2026-01-29T14:55:31.587Z] [INFO] [+2663.4s]    7. Oracle: 59 (0.12%)
[2026-01-29T14:55:31.595Z] [INFO] [+2663.4s]    8. Reentrancy: 59 (0.12%)
[2026-01-29T14:55:31.600Z] [INFO] [+2663.4s]    9. Access Control: 48 (0.09%)
[2026-01-29T14:55:31.605Z] [INFO] [+2663.4s]    10. Don't update state: 47 (0.09%)
[2026-01-29T14:55:31.611Z] [INFO] [+2663.4s] 
🏢 Top 5 Audit Firms:
[2026-01-29T14:55:31.625Z] [INFO] [+2663.4s]    1. Code4rena: 12292 (24.33%)
[2026-01-29T14:55:31.627Z] [INFO] [+2663.4s]    2. Pashov Audit Group: 3452 (6.83%)
[2026-01-29T14:55:31.640Z] [INFO] [+2663.4s]    3. Zokyo: 3376 (6.68%)
[2026-01-29T14:55:31.649Z] [INFO] [+2663.4s]    4. OpenZeppelin: 3237 (6.41%)
[2026-01-29T14:55:31.652Z] [INFO] [+2663.4s]    5. Sherlock: 3017 (5.97%)
[2026-01-29T14:55:31.659Z] [INFO] [+2663.5s] 
⚠️  Impact Distribution:
[2026-01-29T14:55:31.675Z] [INFO] [+2663.5s]    LOW: 25272 (50.01%)
[2026-01-29T14:55:31.679Z] [INFO] [+2663.5s]    MEDIUM: 13814 (27.34%)
[2026-01-29T14:55:31.683Z] [INFO] [+2663.5s]    HIGH: 8022 (15.88%)
[2026-01-29T14:55:31.685Z] [INFO] [+2663.5s]    GAS: 3422 (6.77%)
